{
"music.tenebrerossosangue": {"sounds":["noise:keygenchurch"]},
"music.terminus": {"sounds":["noise:terminus"]},
"music.ultimatum": {"sounds":["noise:ultimatum"]},
"music.sanctus": {"sounds":["noise:sanctus"]},
"music.requiem": {"sounds":["noise:requiem"]},
"music.order": {"sounds":["noise:order"]},
"music.forsaken_by_god": {"sounds":["noise:forsaken_by_god"]},
"music.warwithoutreason": {"sounds":["noise:warwithoutreason"]},
"sounds.something_wicked": {"sounds":["noise:something_wicked"]},
"sounds.thyendisnow": {"sounds":["noise:thyendisnow"]},
"sounds.asgoretest": {"sounds":["noise:drivinginmycar"]},
"music.collapse": {"sounds":["noise:collapse"]},
"music.dance": {"sounds":["noise:dance"]},
"music.prelude": {"sounds":["noise:prelude"]}
}