{
	"format_version": "1.21.6",
	"credit": "Made with Blockbench",
	"textures": {
		"0": "item/asgore",
		"particle": "item/asgore"
	},
	"elements": [
		{
			"from": [0, 0, 7],
			"to": [16, 15, 7.25],
			"rotation": {"angle": 0, "axis": "y", "origin": [7, 0, 7]},
			"faces": {
				"north": {"uv": [0, 0, 16, 15], "texture": "#0"},
				"east": {"uv": [0, 0, 0.25, 15], "texture": "#0"},
				"south": {"uv": [0, 0, 16, 15], "texture": "#0"},
				"west": {"uv": [0, 0, 0.25, 15], "texture": "#0"},
				"up": {"uv": [0, 0, 16, 0.25], "texture": "#0"},
				"down": {"uv": [0, 0, 16, 0.25], "texture": "#0"}
			}
		}
	]
}