{
	"format_version": "1.21.6",
	"credit": "Made with Blockbench",
	"textures": {
		"0": "item/asgore",
		"particle": "item/asgore"
	},
	"elements": [
		{
			"name": "asgore-knight_0",
			"from": [0, 0.07, 8],
			"to": [16, 15.75, 8.08],
			"rotation": {"angle": 0, "axis": "y", "origin": [0, -0.25, 8]},
			"faces": {
				"north": {"uv": [16, 0, 0, 16], "texture": "#0"},
				"east": {"uv": [15.92, 0, 16, 16], "texture": "#0"},
				"south": {"uv": [0, 0, 16, 16], "texture": "#0"},
				"west": {"uv": [0, 0, 0.08, 16], "texture": "#0"},
				"up": {"uv": [0, 0, 16, 0.08163], "texture": "#0"},
				"down": {"uv": [0, 15.91837, 16, 16], "texture": "#0"}
			}
		}
	],
	"groups": [
		{
			"name": "asgore-knight",
			"origin": [8, 8, 8],
			"color": 0,
			"children": [0]
		}
	]
}