{
	"format_version": "1.21.6",
	"credit": "Made with Blockbench",
	"textures": {
		"1": "item/clock_projectile",
		"4": "item/ut-crown",
		"11": "item/ut-crown_eye",
		"particle": "item/ut-crown"
	},
	"elements": [
		{
			"from": [3, 1, 3],
			"to": [13, 3, 13],
			"rotation": {"angle": 0, "axis": "y", "origin": [0, 1, 0]},
			"faces": {
				"north": {"uv": [0, 5, 5, 6], "texture": "#1"},
				"east": {"uv": [0, 5, 5, 6], "texture": "#1"},
				"south": {"uv": [0, 5, 5, 6], "texture": "#1"},
				"west": {"uv": [0, 5, 5, 6], "texture": "#1"},
				"up": {"uv": [0, 0, 5, 5], "texture": "#1"},
				"down": {"uv": [0, 0, 5, 5], "texture": "#1"}
			}
		},
		{
			"from": [2, 2, 2],
			"to": [14, 2, 14],
			"rotation": {"angle": 45, "axis": "y", "origin": [8, 1, 8]},
			"faces": {
				"north": {"uv": [0, 0, 16, 0], "texture": "#1"},
				"east": {"uv": [0, 0, 16, 0], "texture": "#1"},
				"south": {"uv": [0, 0, 16, 0], "texture": "#1"},
				"west": {"uv": [0, 0, 16, 0], "texture": "#1"},
				"up": {"uv": [5.5, 5.5, 15.5, 15.5], "rotation": 90, "texture": "#1"},
				"down": {"uv": [5.5, 5.5, 15.5, 15.5], "rotation": 90, "texture": "#1"}
			}
		},
		{
			"from": [6, 4.01, 6.5],
			"to": [10, 4.01, 9.5],
			"rotation": {"angle": 0, "axis": "y", "origin": [8, 11.75, 8]},
			"faces": {
				"north": {"uv": [7.992, 0.008, 0.008, 0.008], "rotation": 180, "texture": "#11"},
				"east": {"uv": [0.008, 0.008, 0.008, 5.992], "rotation": 270, "texture": "#11"},
				"south": {"uv": [7.992, 0.008, 0.008, 0.008], "texture": "#11"},
				"west": {"uv": [0.008, 0.008, 0.008, 5.992], "rotation": 90, "texture": "#11"},
				"up": {"uv": [0.008, 0.008, 7.992, 5.992], "rotation": 180, "texture": "#11"},
				"down": {"uv": [7.992, 0.008, 0.008, 5.992], "texture": "#11"}
			}
		},
		{
			"from": [3.5, 0, 3.5],
			"to": [12.5, 4, 12.5],
			"rotation": {"angle": 0, "axis": "y", "origin": [0, 10, 0]},
			"faces": {
				"north": {"uv": [0.008, 5.508, 2.242, 6.492], "texture": "#4"},
				"east": {"uv": [0.008, 6.508, 2.242, 7.492], "texture": "#4"},
				"south": {"uv": [2.258, 7.258, 4.492, 8.242], "texture": "#4"},
				"west": {"uv": [4.508, 7.258, 6.742, 8.242], "texture": "#4"},
				"up": {"uv": [4.992, 7.242, 2.758, 5.008], "texture": "#4"},
				"down": {"uv": [4.992, 7.242, 2.758, 5.008], "texture": "#4"}
			}
		}
	],
	"display": {
		"head": {
			"translation": [0, 13.5, 0],
			"scale": [1.5, 1.5, 1.5]
		}
	}
}