{
	"format_version": "1.21.6",
	"credit": "Made with Blockbench",
	"textures": {
		"0": "item/attacks/ring",
		"particle": "item/attacks/ring"
	},
	"elements": [
		{
			"from": [-10.08333, 8.08333, -10.08333],
			"to": [26.08333, 8.08333, 26.08333],
			"faces": {
				"up": {"uv": [12.0625, 12.0625, 3.875, 3.9375], "texture": "#0", "tintindex": 0},
				"down": {"uv": [12.0625, 3.9375, 3.9375, 12.0625], "texture": "#0", "tintindex": 0}
			}
		}
	],
	"display": {
		"gui": {
			"rotation": [-150, -45, -180]
		}
	}
}