{
	"format_version": "1.21.6",
	"credit": "Made with Blockbench",
	"texture_size": [64, 64],
	"textures": {
		"0": "item/soulorange",
		"particle": "item/soulorange"
	},
	"elements": [
		{
			"name": "dad53d57ad60831_0",
			"from": [2, 4, 7],
			"to": [4, 16, 8.1],
			"rotation": {"angle": 0, "axis": "y", "origin": [0, 0, 8]},
			"faces": {
				"north": {"uv": [4, 0, 2, 12], "texture": "#0"},
				"east": {"uv": [3.9, 0, 4, 12], "texture": "#0"},
				"south": {"uv": [2, 0, 4, 12], "texture": "#0"},
				"west": {"uv": [2, 0, 2.1, 12], "texture": "#0"},
				"up": {"uv": [2, 0, 4, 0.1], "texture": "#0"},
				"down": {"uv": [2, 11.9, 4, 12], "texture": "#0"}
			}
		},
		{
			"name": "dad53d57ad60831_1",
			"from": [12, 4, 7],
			"to": [14, 16, 8.1],
			"rotation": {"angle": 0, "axis": "y", "origin": [0, 0, 8]},
			"faces": {
				"north": {"uv": [14, 0, 12, 12], "texture": "#0"},
				"east": {"uv": [13.9, 0, 14, 12], "texture": "#0"},
				"south": {"uv": [12, 0, 14, 12], "texture": "#0"},
				"west": {"uv": [12, 0, 12.1, 12], "texture": "#0"},
				"up": {"uv": [12, 0, 14, 0.1], "texture": "#0"},
				"down": {"uv": [12, 11.9, 14, 12], "texture": "#0"}
			}
		},
		{
			"name": "dad53d57ad60831_2",
			"from": [1, 6, 7],
			"to": [2, 15, 8.1],
			"rotation": {"angle": 0, "axis": "y", "origin": [0, 0, 8]},
			"faces": {
				"north": {"uv": [2, 1, 1, 10], "texture": "#0"},
				"east": {"uv": [1.9, 1, 2, 10], "texture": "#0"},
				"south": {"uv": [1, 1, 2, 10], "texture": "#0"},
				"west": {"uv": [1, 1, 1.1, 10], "texture": "#0"},
				"up": {"uv": [1, 1, 2, 1.1], "texture": "#0"},
				"down": {"uv": [1, 9.9, 2, 10], "texture": "#0"}
			}
		},
		{
			"name": "dad53d57ad60831_3",
			"from": [4, 2, 7],
			"to": [6, 15, 8.1],
			"rotation": {"angle": 0, "axis": "y", "origin": [0, 0, 8]},
			"faces": {
				"north": {"uv": [6, 1, 4, 14], "texture": "#0"},
				"east": {"uv": [5.9, 1, 6, 14], "texture": "#0"},
				"south": {"uv": [4, 1, 6, 14], "texture": "#0"},
				"west": {"uv": [4, 1, 4.1, 14], "texture": "#0"},
				"up": {"uv": [4, 1, 6, 1.1], "texture": "#0"},
				"down": {"uv": [4, 13.9, 6, 14], "texture": "#0"}
			}
		},
		{
			"name": "dad53d57ad60831_4",
			"from": [10, 2, 7],
			"to": [12, 15, 8.1],
			"rotation": {"angle": 0, "axis": "y", "origin": [0, 0, 8]},
			"faces": {
				"north": {"uv": [12, 1, 10, 14], "texture": "#0"},
				"east": {"uv": [11.9, 1, 12, 14], "texture": "#0"},
				"south": {"uv": [10, 1, 12, 14], "texture": "#0"},
				"west": {"uv": [10, 1, 10.1, 14], "texture": "#0"},
				"up": {"uv": [10, 1, 12, 1.1], "texture": "#0"},
				"down": {"uv": [10, 13.9, 12, 14], "texture": "#0"}
			}
		},
		{
			"name": "dad53d57ad60831_5",
			"from": [14, 6, 7],
			"to": [15, 15, 8.1],
			"rotation": {"angle": 0, "axis": "y", "origin": [0, 0, 8]},
			"faces": {
				"north": {"uv": [15, 1, 14, 10], "texture": "#0"},
				"east": {"uv": [14.9, 1, 15, 10], "texture": "#0"},
				"south": {"uv": [14, 1, 15, 10], "texture": "#0"},
				"west": {"uv": [14, 1, 14.1, 10], "texture": "#0"},
				"up": {"uv": [14, 1, 15, 1.1], "texture": "#0"},
				"down": {"uv": [14, 9.9, 15, 10], "texture": "#0"}
			}
		},
		{
			"name": "dad53d57ad60831_6",
			"from": [0, 6, 7],
			"to": [1, 14, 8.1],
			"rotation": {"angle": 0, "axis": "y", "origin": [0, 0, 8]},
			"faces": {
				"north": {"uv": [1, 2, 0, 10], "texture": "#0"},
				"east": {"uv": [0.9, 2, 1, 10], "texture": "#0"},
				"south": {"uv": [0, 2, 1, 10], "texture": "#0"},
				"west": {"uv": [0, 2, 0.1, 10], "texture": "#0"},
				"up": {"uv": [0, 2, 1, 2.1], "texture": "#0"},
				"down": {"uv": [0, 9.9, 1, 10], "texture": "#0"}
			}
		},
		{
			"name": "dad53d57ad60831_7",
			"from": [6, 0, 7],
			"to": [7, 14, 8.1],
			"rotation": {"angle": 0, "axis": "y", "origin": [0, 0, 8]},
			"faces": {
				"north": {"uv": [7, 2, 6, 16], "texture": "#0"},
				"east": {"uv": [6.9, 2, 7, 16], "texture": "#0"},
				"south": {"uv": [6, 2, 7, 16], "texture": "#0"},
				"west": {"uv": [6, 2, 6.1, 16], "texture": "#0"},
				"up": {"uv": [6, 2, 7, 2.1], "texture": "#0"},
				"down": {"uv": [6, 15.9, 7, 16], "texture": "#0"}
			}
		},
		{
			"name": "dad53d57ad60831_8",
			"from": [9, 0, 7],
			"to": [10, 14, 8.1],
			"rotation": {"angle": 0, "axis": "y", "origin": [0, 0, 8]},
			"faces": {
				"north": {"uv": [10, 2, 9, 16], "texture": "#0"},
				"east": {"uv": [9.9, 2, 10, 16], "texture": "#0"},
				"south": {"uv": [9, 2, 10, 16], "texture": "#0"},
				"west": {"uv": [9, 2, 9.1, 16], "texture": "#0"},
				"up": {"uv": [9, 2, 10, 2.1], "texture": "#0"},
				"down": {"uv": [9, 15.9, 10, 16], "texture": "#0"}
			}
		},
		{
			"name": "dad53d57ad60831_9",
			"from": [15, 6, 7],
			"to": [16, 14, 8.1],
			"rotation": {"angle": 0, "axis": "y", "origin": [0, 0, 8]},
			"faces": {
				"north": {"uv": [16, 2, 15, 10], "texture": "#0"},
				"east": {"uv": [15.9, 2, 16, 10], "texture": "#0"},
				"south": {"uv": [15, 2, 16, 10], "texture": "#0"},
				"west": {"uv": [15, 2, 15.1, 10], "texture": "#0"},
				"up": {"uv": [15, 2, 16, 2.1], "texture": "#0"},
				"down": {"uv": [15, 9.9, 16, 10], "texture": "#0"}
			}
		},
		{
			"name": "dad53d57ad60831_10",
			"from": [7, 0, 7],
			"to": [9, 12, 8.1],
			"rotation": {"angle": 0, "axis": "y", "origin": [0, 0, 8]},
			"faces": {
				"north": {"uv": [9, 4, 7, 16], "texture": "#0"},
				"east": {"uv": [8.9, 4, 9, 16], "texture": "#0"},
				"south": {"uv": [7, 4, 9, 16], "texture": "#0"},
				"west": {"uv": [7, 4, 7.1, 16], "texture": "#0"},
				"up": {"uv": [7, 4, 9, 4.1], "texture": "#0"},
				"down": {"uv": [7, 15.9, 9, 16], "texture": "#0"}
			}
		}
	],
	"groups": [
		{
			"name": "dad53d57ad60831",
			"origin": [8, 8, 8],
			"color": 0,
			"children": [0, 1, 2, 3, 4, 5, 6, 7, 8, 9, 10]
		}
	]
}