{
	"format_version": "1.21.6",
	"credit": "Made with Blockbench",
	"parent": "staff_keycard",
	"texture_size": [32, 32],
	"textures": {
		"0": "item/keycard",
		"particle": "item/keycard"
	},
	"elements": [
		{
			"from": [9.59658, 4.11, 11.5457],
			"to": [10.40434, 4.11, 11.5917],
			"rotation": {"angle": 0, "axis": "y", "origin": [10.4025, 7, 11.985]},
			"faces": {
				"north": {"uv": [0, 0, 0.5, 0], "texture": "#0"},
				"east": {"uv": [0, 0, 0.5, 0], "texture": "#0"},
				"south": {"uv": [0, 0, 0.5, 0], "texture": "#0"},
				"west": {"uv": [0, 0, 0.5, 0], "texture": "#0"},
				"up": {"uv": [3.5, 9.5, 3, 9], "texture": "#0"},
				"down": {"uv": [9.5, 3, 9, 3.5], "texture": "#0"}
			}
		},
		{
			"name": "edge",
			"from": [10.6, 4, 5],
			"to": [10.65, 4.1, 12],
			"rotation": {"angle": 0, "axis": "y", "origin": [11, 4, 10]},
			"faces": {
				"north": {"uv": [3.5, 9, 4, 9.5], "texture": "#0"},
				"east": {"uv": [0, 3.5, 3.5, 4], "texture": "#0"},
				"south": {"uv": [9, 3.5, 9.5, 4], "texture": "#0"},
				"west": {"uv": [3.5, 3.5, 7, 4], "texture": "#0"},
				"up": {"uv": [0.5, 7.5, 0, 4], "texture": "#0"},
				"down": {"uv": [4.5, 0, 4, 3.5], "texture": "#0"}
			}
		},
		{
			"name": "edge",
			"from": [5.95, 4, 5],
			"to": [6, 4.1, 12],
			"rotation": {"angle": 0, "axis": "y", "origin": [6, 4, 10]},
			"faces": {
				"north": {"uv": [4, 9, 4.5, 9.5], "texture": "#0"},
				"east": {"uv": [0.5, 4, 4, 4.5], "texture": "#0"},
				"south": {"uv": [9, 4, 9.5, 4.5], "texture": "#0"},
				"west": {"uv": [4, 4, 7.5, 4.5], "texture": "#0"},
				"up": {"uv": [5, 3.5, 4.5, 0], "texture": "#0"},
				"down": {"uv": [1, 4.5, 0.5, 8], "texture": "#0"}
			}
		},
		{
			"name": "edge",
			"from": [6, 4, 4.95],
			"to": [10.6, 4.1, 5],
			"rotation": {"angle": 0, "axis": "y", "origin": [8, 4, 3.9]},
			"faces": {
				"north": {"uv": [5, 1, 7.5, 1.5], "texture": "#0"},
				"east": {"uv": [4.5, 9, 5, 9.5], "texture": "#0"},
				"south": {"uv": [5, 1.5, 7.5, 2], "texture": "#0"},
				"west": {"uv": [9, 4.5, 9.5, 5], "texture": "#0"},
				"up": {"uv": [4.5, 5.5, 2, 5], "texture": "#0"},
				"down": {"uv": [7.5, 2, 5, 2.5], "texture": "#0"}
			}
		},
		{
			"name": "edge",
			"from": [6, 4, 12],
			"to": [10.6, 4.1, 12.05],
			"rotation": {"angle": 0, "axis": "y", "origin": [8, 4, 12]},
			"faces": {
				"north": {"uv": [5, 2.5, 7.5, 3], "texture": "#0"},
				"east": {"uv": [5, 9, 5.5, 9.5], "texture": "#0"},
				"south": {"uv": [5, 3, 7.5, 3.5], "texture": "#0"},
				"west": {"uv": [9, 5, 9.5, 5.5], "texture": "#0"},
				"up": {"uv": [7, 5.5, 4.5, 5], "texture": "#0"},
				"down": {"uv": [4.5, 5.5, 2, 6], "texture": "#0"}
			}
		},
		{
			"from": [6, 4, 7],
			"to": [6, 4.1, 12],
			"rotation": {"angle": 0, "axis": "y", "origin": [9, 4, 7]},
			"faces": {
				"north": {"uv": [0, 0, 0, 0.5], "texture": "#0"},
				"east": {"uv": [4.5, 5.5, 7, 6], "texture": "#0"},
				"south": {"uv": [0, 0, 0, 0.5], "texture": "#0"},
				"west": {"uv": [2, 6, 4.5, 6.5], "texture": "#0"},
				"up": {"uv": [0, 2.5, 0, 0], "texture": "#0"},
				"down": {"uv": [0, 0, 0, 2.5], "texture": "#0"}
			}
		},
		{
			"from": [6, 4, 5],
			"to": [10, 4.1, 12],
			"rotation": {"angle": 0, "axis": "y", "origin": [7, 4, 5]},
			"faces": {
				"north": {"uv": [4.5, 6, 6.5, 6.5], "texture": "#0"},
				"east": {"uv": [1, 4.5, 4.5, 5], "texture": "#0"},
				"south": {"uv": [2, 6.5, 4, 7], "texture": "#0"},
				"west": {"uv": [4.5, 4.5, 8, 5], "texture": "#0"},
				"up": {"uv": [2, 3.5, 0, 0], "texture": "#0"},
				"down": {"uv": [4, 0, 2, 3.5], "texture": "#0"}
			}
		},
		{
			"name": "a",
			"from": [10, 4, 5],
			"to": [10.6, 4.1, 12],
			"rotation": {"angle": 0, "axis": "y", "origin": [10, 4, 5]},
			"faces": {
				"north": {"uv": [5.5, 9, 6, 9.5], "texture": "#0"},
				"east": {"uv": [5, 0, 8.5, 0.5], "texture": "#0"},
				"south": {"uv": [9, 5.5, 9.5, 6], "texture": "#0"},
				"west": {"uv": [5, 0.5, 8.5, 1], "texture": "#0"},
				"up": {"uv": [1.5, 8.5, 1, 5], "texture": "#0"},
				"down": {"uv": [2, 5, 1.5, 8.5], "texture": "#0"}
			}
		},
		{
			"from": [9.9471, 4.11, 11.87],
			"to": [10.0391, 4.11, 11.9275],
			"rotation": {"angle": 0, "axis": "y", "origin": [10.3335, 7, 12.33]},
			"faces": {
				"north": {"uv": [0, 0, 0.5, 0], "texture": "#0"},
				"east": {"uv": [0, 0, 0.5, 0], "texture": "#0"},
				"south": {"uv": [0, 0, 0.5, 0], "texture": "#0"},
				"west": {"uv": [0, 0, 0.5, 0], "texture": "#0"},
				"up": {"uv": [6.5, 9.5, 6, 9], "texture": "#0"},
				"down": {"uv": [9.5, 6, 9, 6.5], "texture": "#0"}
			}
		},
		{
			"from": [9.6596, 4.11, 11.5825],
			"to": [10.3266, 4.11, 11.64],
			"rotation": {"angle": 0, "axis": "y", "origin": [10.3335, 7, 12.0425]},
			"faces": {
				"north": {"uv": [0, 0, 0.5, 0], "texture": "#0"},
				"east": {"uv": [0, 0, 0.5, 0], "texture": "#0"},
				"south": {"uv": [0, 0, 0.5, 0], "texture": "#0"},
				"west": {"uv": [0, 0, 0.5, 0], "texture": "#0"},
				"up": {"uv": [7, 9.5, 6.5, 9], "texture": "#0"},
				"down": {"uv": [9.5, 6.5, 9, 7], "texture": "#0"}
			}
		},
		{
			"from": [9.7746, 4.11, 11.6975],
			"to": [10.2116, 4.11, 11.755],
			"rotation": {"angle": 0, "axis": "y", "origin": [10.3335, 7, 12.1575]},
			"faces": {
				"north": {"uv": [0, 0, 0.5, 0], "texture": "#0"},
				"east": {"uv": [0, 0, 0.5, 0], "texture": "#0"},
				"south": {"uv": [0, 0, 0.5, 0], "texture": "#0"},
				"west": {"uv": [0, 0, 0.5, 0], "texture": "#0"},
				"up": {"uv": [7.5, 9.5, 7, 9], "texture": "#0"},
				"down": {"uv": [9.5, 7, 9, 7.5], "texture": "#0"}
			}
		},
		{
			"from": [10.1725, 4.11, 11.41],
			"to": [10.69, 4.11, 11.4675],
			"rotation": {"angle": 45, "axis": "y", "origin": [10.69, 7, 11.87]},
			"faces": {
				"north": {"uv": [0, 0, 0.5, 0], "texture": "#0"},
				"east": {"uv": [0, 0, 0.5, 0], "texture": "#0"},
				"south": {"uv": [0, 0, 0.5, 0], "texture": "#0"},
				"west": {"uv": [0, 0, 0.5, 0], "texture": "#0"},
				"up": {"uv": [8, 9.5, 7.5, 9], "texture": "#0"},
				"down": {"uv": [9.5, 7.5, 9, 8], "texture": "#0"}
			}
		},
		{
			"from": [10.1725, 4.11, 11.41],
			"to": [10.69, 4.11, 11.4675],
			"rotation": {"angle": 45, "axis": "y", "origin": [10.69, 7, 11.87]},
			"faces": {
				"north": {"uv": [0, 0, 0.5, 0], "texture": "#0"},
				"east": {"uv": [0, 0, 0.5, 0], "texture": "#0"},
				"south": {"uv": [0, 0, 0.5, 0], "texture": "#0"},
				"west": {"uv": [0, 0, 0.5, 0], "texture": "#0"},
				"up": {"uv": [8.5, 9.5, 8, 9], "texture": "#0"},
				"down": {"uv": [9.5, 8, 9, 8.5], "texture": "#0"}
			}
		},
		{
			"from": [9.31, 4.11, 11.41],
			"to": [9.885, 4.11, 11.4675],
			"rotation": {"angle": -45, "axis": "y", "origin": [9.31, 7, 11.87]},
			"faces": {
				"north": {"uv": [0, 0, 0.5, 0], "texture": "#0"},
				"east": {"uv": [0, 0, 0.5, 0], "texture": "#0"},
				"south": {"uv": [0, 0, 0.5, 0], "texture": "#0"},
				"west": {"uv": [0, 0, 0.5, 0], "texture": "#0"},
				"up": {"uv": [9, 9.5, 8.5, 9], "texture": "#0"},
				"down": {"uv": [9.5, 8.5, 9, 9], "texture": "#0"}
			}
		},
		{
			"from": [9.7171, 4.11, 11.64],
			"to": [10.2691, 4.11, 11.6975],
			"rotation": {"angle": 0, "axis": "y", "origin": [10.3335, 7, 12.1]},
			"faces": {
				"north": {"uv": [0, 0, 0.5, 0], "texture": "#0"},
				"east": {"uv": [0, 0, 0.5, 0], "texture": "#0"},
				"south": {"uv": [0, 0, 0.5, 0], "texture": "#0"},
				"west": {"uv": [0, 0, 0.5, 0], "texture": "#0"},
				"up": {"uv": [9.5, 9.5, 9, 9], "texture": "#0"},
				"down": {"uv": [0.5, 9.5, 0, 10], "texture": "#0"}
			}
		},
		{
			"from": [9.8321, 4.11, 11.755],
			"to": [10.1541, 4.11, 11.8125],
			"rotation": {"angle": 0, "axis": "y", "origin": [10.3335, 7, 12.215]},
			"faces": {
				"north": {"uv": [0, 0, 0.5, 0], "texture": "#0"},
				"east": {"uv": [0, 0, 0.5, 0], "texture": "#0"},
				"south": {"uv": [0, 0, 0.5, 0], "texture": "#0"},
				"west": {"uv": [0, 0, 0.5, 0], "texture": "#0"},
				"up": {"uv": [10, 0.5, 9.5, 0], "texture": "#0"},
				"down": {"uv": [1, 9.5, 0.5, 10], "texture": "#0"}
			}
		},
		{
			"from": [8.1725, 4.11, 11.41],
			"to": [8.69, 4.11, 11.4675],
			"rotation": {"angle": 45, "axis": "y", "origin": [8.69, 7, 11.87]},
			"faces": {
				"north": {"uv": [0, 0, 0.5, 0], "texture": "#0"},
				"east": {"uv": [0, 0, 0.5, 0], "texture": "#0"},
				"south": {"uv": [0, 0, 0.5, 0], "texture": "#0"},
				"west": {"uv": [0, 0, 0.5, 0], "texture": "#0"},
				"up": {"uv": [10, 1, 9.5, 0.5], "texture": "#0"},
				"down": {"uv": [1.5, 9.5, 1, 10], "texture": "#0"}
			}
		},
		{
			"from": [9.8896, 4.11, 11.8125],
			"to": [10.0966, 4.11, 11.87],
			"rotation": {"angle": 0, "axis": "y", "origin": [10.3335, 7, 12.2725]},
			"faces": {
				"north": {"uv": [0, 0, 0.5, 0], "texture": "#0"},
				"east": {"uv": [0, 0, 0.5, 0], "texture": "#0"},
				"south": {"uv": [0, 0, 0.5, 0], "texture": "#0"},
				"west": {"uv": [0, 0, 0.5, 0], "texture": "#0"},
				"up": {"uv": [10, 1.5, 9.5, 1], "texture": "#0"},
				"down": {"uv": [2, 9.5, 1.5, 10], "texture": "#0"}
			}
		},
		{
			"from": [7.8321, 4.11, 11.755],
			"to": [8.1541, 4.11, 11.8125],
			"rotation": {"angle": 0, "axis": "y", "origin": [8.3335, 7, 12.215]},
			"faces": {
				"north": {"uv": [0, 0, 0.5, 0], "texture": "#0"},
				"east": {"uv": [0, 0, 0.5, 0], "texture": "#0"},
				"south": {"uv": [0, 0, 0.5, 0], "texture": "#0"},
				"west": {"uv": [0, 0, 0.5, 0], "texture": "#0"},
				"up": {"uv": [10, 2, 9.5, 1.5], "texture": "#0"},
				"down": {"uv": [2.5, 9.5, 2, 10], "texture": "#0"}
			}
		},
		{
			"from": [7.7171, 4.11, 11.64],
			"to": [8.2691, 4.11, 11.6975],
			"rotation": {"angle": 0, "axis": "y", "origin": [8.3335, 7, 12.1]},
			"faces": {
				"north": {"uv": [0, 0, 0.5, 0], "texture": "#0"},
				"east": {"uv": [0, 0, 0.5, 0], "texture": "#0"},
				"south": {"uv": [0, 0, 0.5, 0], "texture": "#0"},
				"west": {"uv": [0, 0, 0.5, 0], "texture": "#0"},
				"up": {"uv": [10, 2.5, 9.5, 2], "texture": "#0"},
				"down": {"uv": [3, 9.5, 2.5, 10], "texture": "#0"}
			}
		},
		{
			"from": [8.1725, 4.11, 11.41],
			"to": [8.69, 4.11, 11.4675],
			"rotation": {"angle": 45, "axis": "y", "origin": [8.69, 7, 11.87]},
			"faces": {
				"north": {"uv": [0, 0, 0.5, 0], "texture": "#0"},
				"east": {"uv": [0, 0, 0.5, 0], "texture": "#0"},
				"south": {"uv": [0, 0, 0.5, 0], "texture": "#0"},
				"west": {"uv": [0, 0, 0.5, 0], "texture": "#0"},
				"up": {"uv": [10, 3, 9.5, 2.5], "texture": "#0"},
				"down": {"uv": [3.5, 9.5, 3, 10], "texture": "#0"}
			}
		},
		{
			"from": [7.6596, 4.11, 11.5825],
			"to": [8.3266, 4.11, 11.64],
			"rotation": {"angle": 0, "axis": "y", "origin": [8.3335, 7, 12.0425]},
			"faces": {
				"north": {"uv": [0, 0, 0.5, 0], "texture": "#0"},
				"east": {"uv": [0, 0, 0.5, 0], "texture": "#0"},
				"south": {"uv": [0, 0, 0.5, 0], "texture": "#0"},
				"west": {"uv": [0, 0, 0.5, 0], "texture": "#0"},
				"up": {"uv": [10, 3.5, 9.5, 3], "texture": "#0"},
				"down": {"uv": [4, 9.5, 3.5, 10], "texture": "#0"}
			}
		},
		{
			"from": [7.8896, 4.11, 11.5625],
			"to": [8.0966, 4.11, 11.87],
			"rotation": {"angle": 0, "axis": "y", "origin": [8.3335, 7, 12.2725]},
			"faces": {
				"north": {"uv": [0, 0, 0.5, 0], "texture": "#0"},
				"east": {"uv": [0, 0, 0.5, 0], "texture": "#0"},
				"south": {"uv": [0, 0, 0.5, 0], "texture": "#0"},
				"west": {"uv": [0, 0, 0.5, 0], "texture": "#0"},
				"up": {"uv": [10, 4, 9.5, 3.5], "texture": "#0"},
				"down": {"uv": [4.5, 9.5, 4, 10], "texture": "#0"}
			}
		},
		{
			"from": [7.7746, 4.11, 11.6975],
			"to": [8.2116, 4.11, 11.755],
			"rotation": {"angle": 0, "axis": "y", "origin": [8.3335, 7, 12.1575]},
			"faces": {
				"north": {"uv": [0, 0, 0.5, 0], "texture": "#0"},
				"east": {"uv": [0, 0, 0.5, 0], "texture": "#0"},
				"south": {"uv": [0, 0, 0.5, 0], "texture": "#0"},
				"west": {"uv": [0, 0, 0.5, 0], "texture": "#0"},
				"up": {"uv": [10, 4.5, 9.5, 4], "texture": "#0"},
				"down": {"uv": [5, 9.5, 4.5, 10], "texture": "#0"}
			}
		},
		{
			"from": [7.9471, 4.11, 11.87],
			"to": [8.0391, 4.11, 11.9275],
			"rotation": {"angle": 0, "axis": "y", "origin": [8.3335, 7, 12.33]},
			"faces": {
				"north": {"uv": [0, 0, 0.5, 0], "texture": "#0"},
				"east": {"uv": [0, 0, 0.5, 0], "texture": "#0"},
				"south": {"uv": [0, 0, 0.5, 0], "texture": "#0"},
				"west": {"uv": [0, 0, 0.5, 0], "texture": "#0"},
				"up": {"uv": [10, 5, 9.5, 4.5], "texture": "#0"},
				"down": {"uv": [5.5, 9.5, 5, 10], "texture": "#0"}
			}
		},
		{
			"from": [7.31, 4.11, 11.41],
			"to": [7.885, 4.11, 11.4675],
			"rotation": {"angle": -45, "axis": "y", "origin": [7.31, 7, 11.87]},
			"faces": {
				"north": {"uv": [0, 0, 0.5, 0], "texture": "#0"},
				"east": {"uv": [0, 0, 0.5, 0], "texture": "#0"},
				"south": {"uv": [0, 0, 0.5, 0], "texture": "#0"},
				"west": {"uv": [0, 0, 0.5, 0], "texture": "#0"},
				"up": {"uv": [10, 5.5, 9.5, 5], "texture": "#0"},
				"down": {"uv": [6, 9.5, 5.5, 10], "texture": "#0"}
			}
		},
		{
			"from": [7.59658, 4.11, 11.5457],
			"to": [8.40434, 4.11, 11.5917],
			"rotation": {"angle": 0, "axis": "y", "origin": [8.4025, 7, 11.985]},
			"faces": {
				"north": {"uv": [0, 0, 0.5, 0], "texture": "#0"},
				"east": {"uv": [0, 0, 0.5, 0], "texture": "#0"},
				"south": {"uv": [0, 0, 0.5, 0], "texture": "#0"},
				"west": {"uv": [0, 0, 0.5, 0], "texture": "#0"},
				"up": {"uv": [10, 6, 9.5, 5.5], "texture": "#0"},
				"down": {"uv": [6.5, 9.5, 6, 10], "texture": "#0"}
			}
		},
		{
			"name": "text_STAFF",
			"from": [7.63354, 4.11, 5.39918],
			"to": [7.8068, 4.11, 5.83112],
			"rotation": {"angle": 0, "axis": "z", "origin": [7.98006, 6.25, 6.50927]},
			"faces": {
				"north": {"uv": [0, 0, 0.5, 0], "texture": "#0"},
				"east": {"uv": [0, 0, 0.5, 0], "texture": "#0"},
				"south": {"uv": [0, 0, 0.5, 0], "texture": "#0"},
				"west": {"uv": [0, 0, 0.5, 0], "texture": "#0"},
				"up": {"uv": [9, 3.5, 8.5, 3], "texture": "#0"},
				"down": {"uv": [4, 8.5, 3.5, 9], "texture": "#0"}
			}
		},
		{
			"name": "text_STAFF",
			"from": [7.89343, 4.11, 5.39918],
			"to": [8.06669, 4.11, 5.83112],
			"rotation": {"angle": 0, "axis": "z", "origin": [7.98006, 6.25, 6.50927]},
			"faces": {
				"north": {"uv": [0, 0, 0.5, 0], "texture": "#0"},
				"east": {"uv": [0, 0, 0.5, 0], "texture": "#0"},
				"south": {"uv": [0, 0, 0.5, 0], "texture": "#0"},
				"west": {"uv": [0, 0, 0.5, 0], "texture": "#0"},
				"up": {"uv": [9, 4, 8.5, 3.5], "texture": "#0"},
				"down": {"uv": [4.5, 8.5, 4, 9], "texture": "#0"}
			}
		},
		{
			"name": "text_STAFF",
			"from": [8.15332, 4.11, 5.39918],
			"to": [8.32658, 4.11, 5.83112],
			"rotation": {"angle": 0, "axis": "z", "origin": [7.98006, 6.25, 6.50927]},
			"faces": {
				"north": {"uv": [0, 0, 0.5, 0], "texture": "#0"},
				"east": {"uv": [0, 0, 0.5, 0], "texture": "#0"},
				"south": {"uv": [0, 0, 0.5, 0], "texture": "#0"},
				"west": {"uv": [0, 0, 0.5, 0], "texture": "#0"},
				"up": {"uv": [9, 4.5, 8.5, 4], "texture": "#0"},
				"down": {"uv": [5, 8.5, 4.5, 9], "texture": "#0"}
			}
		},
		{
			"name": "text_STAFF",
			"from": [7.8068, 4.11, 5.65834],
			"to": [7.89343, 4.11, 5.83112],
			"rotation": {"angle": 0, "axis": "z", "origin": [7.98006, 6.25, 6.50927]},
			"faces": {
				"north": {"uv": [0, 0, 0.5, 0], "texture": "#0"},
				"east": {"uv": [0, 0, 0.5, 0], "texture": "#0"},
				"south": {"uv": [0, 0, 0.5, 0], "texture": "#0"},
				"west": {"uv": [0, 0, 0.5, 0], "texture": "#0"},
				"up": {"uv": [9, 5, 8.5, 4.5], "texture": "#0"},
				"down": {"uv": [5.5, 8.5, 5, 9], "texture": "#0"}
			}
		},
		{
			"name": "text_STAFF",
			"from": [8.06669, 4.11, 5.39918],
			"to": [8.15332, 4.11, 5.57196],
			"rotation": {"angle": 0, "axis": "z", "origin": [7.98006, 6.25, 6.50927]},
			"faces": {
				"north": {"uv": [0, 0, 0.5, 0], "texture": "#0"},
				"east": {"uv": [0, 0, 0.5, 0], "texture": "#0"},
				"south": {"uv": [0, 0, 0.5, 0], "texture": "#0"},
				"west": {"uv": [0, 0, 0.5, 0], "texture": "#0"},
				"up": {"uv": [9, 5.5, 8.5, 5], "texture": "#0"},
				"down": {"uv": [6, 8.5, 5.5, 9], "texture": "#0"}
			}
		},
		{
			"name": "text_STAFF",
			"from": [7.63354, 4.11, 5.98662],
			"to": [8.15332, 4.11, 6.1594],
			"rotation": {"angle": 0, "axis": "z", "origin": [7.98006, 6.25, 6.50927]},
			"faces": {
				"north": {"uv": [0, 0, 0.5, 0], "texture": "#0"},
				"east": {"uv": [0, 0, 0.5, 0], "texture": "#0"},
				"south": {"uv": [0, 0, 0.5, 0], "texture": "#0"},
				"west": {"uv": [0, 0, 0.5, 0], "texture": "#0"},
				"up": {"uv": [9, 6, 8.5, 5.5], "texture": "#0"},
				"down": {"uv": [6.5, 8.5, 6, 9], "texture": "#0"}
			}
		},
		{
			"name": "text_STAFF",
			"from": [8.15332, 4.11, 5.85704],
			"to": [8.32658, 4.11, 6.28898],
			"rotation": {"angle": 0, "axis": "z", "origin": [7.98006, 6.25, 6.50927]},
			"faces": {
				"north": {"uv": [0, 0, 0.5, 0], "texture": "#0"},
				"east": {"uv": [0, 0, 0.5, 0], "texture": "#0"},
				"south": {"uv": [0, 0, 0.5, 0], "texture": "#0"},
				"west": {"uv": [0, 0, 0.5, 0], "texture": "#0"},
				"up": {"uv": [9, 6.5, 8.5, 6], "texture": "#0"},
				"down": {"uv": [7, 8.5, 6.5, 9], "texture": "#0"}
			}
		},
		{
			"name": "text_STAFF",
			"from": [7.63354, 4.11, 6.31489],
			"to": [8.32658, 4.11, 6.48767],
			"rotation": {"angle": 0, "axis": "z", "origin": [7.98006, 6.25, 6.50927]},
			"faces": {
				"north": {"uv": [0, 0, 0.5, 0], "texture": "#0"},
				"east": {"uv": [0, 0, 0.5, 0], "texture": "#0"},
				"south": {"uv": [0, 0, 0.5, 0], "texture": "#0"},
				"west": {"uv": [0, 0, 0.5, 0], "texture": "#0"},
				"up": {"uv": [9, 7, 8.5, 6.5], "texture": "#0"},
				"down": {"uv": [7.5, 8.5, 7, 9], "texture": "#0"}
			}
		},
		{
			"name": "text_STAFF",
			"from": [8.15332, 4.11, 6.48767],
			"to": [8.32658, 4.11, 6.57406],
			"rotation": {"angle": 0, "axis": "z", "origin": [7.98006, 6.25, 6.50927]},
			"faces": {
				"north": {"uv": [0, 0, 0.5, 0], "texture": "#0"},
				"east": {"uv": [0, 0, 0.5, 0], "texture": "#0"},
				"south": {"uv": [0, 0, 0.5, 0], "texture": "#0"},
				"west": {"uv": [0, 0, 0.5, 0], "texture": "#0"},
				"up": {"uv": [9, 7.5, 8.5, 7], "texture": "#0"},
				"down": {"uv": [8, 8.5, 7.5, 9], "texture": "#0"}
			}
		},
		{
			"name": "text_STAFF",
			"from": [7.63354, 4.11, 6.57406],
			"to": [8.32658, 4.11, 6.74684],
			"rotation": {"angle": 0, "axis": "z", "origin": [7.98006, 6.25, 6.50927]},
			"faces": {
				"north": {"uv": [0, 0, 0.5, 0], "texture": "#0"},
				"east": {"uv": [0, 0, 0.5, 0], "texture": "#0"},
				"south": {"uv": [0, 0, 0.5, 0], "texture": "#0"},
				"west": {"uv": [0, 0, 0.5, 0], "texture": "#0"},
				"up": {"uv": [9, 8, 8.5, 7.5], "texture": "#0"},
				"down": {"uv": [8.5, 8.5, 8, 9], "texture": "#0"}
			}
		},
		{
			"name": "text_STAFF",
			"from": [7.89343, 4.11, 6.48767],
			"to": [8.06669, 4.11, 6.57406],
			"rotation": {"angle": 0, "axis": "z", "origin": [7.98006, 6.25, 6.50927]},
			"faces": {
				"north": {"uv": [0, 0, 0.5, 0], "texture": "#0"},
				"east": {"uv": [0, 0, 0.5, 0], "texture": "#0"},
				"south": {"uv": [0, 0, 0.5, 0], "texture": "#0"},
				"west": {"uv": [0, 0, 0.5, 0], "texture": "#0"},
				"up": {"uv": [9, 8.5, 8.5, 8], "texture": "#0"},
				"down": {"uv": [9, 8.5, 8.5, 9], "texture": "#0"}
			}
		},
		{
			"name": "text_STAFF",
			"from": [7.63354, 4.11, 6.77275],
			"to": [8.32658, 4.11, 6.94553],
			"rotation": {"angle": 0, "axis": "z", "origin": [7.98006, 6.25, 6.50927]},
			"faces": {
				"north": {"uv": [0, 0, 0.5, 0], "texture": "#0"},
				"east": {"uv": [0, 0, 0.5, 0], "texture": "#0"},
				"south": {"uv": [0, 0, 0.5, 0], "texture": "#0"},
				"west": {"uv": [0, 0, 0.5, 0], "texture": "#0"},
				"up": {"uv": [0.5, 9.5, 0, 9], "texture": "#0"},
				"down": {"uv": [9.5, 0, 9, 0.5], "texture": "#0"}
			}
		},
		{
			"name": "text_STAFF",
			"from": [8.15332, 4.11, 6.94553],
			"to": [8.32658, 4.11, 7.20469],
			"rotation": {"angle": 0, "axis": "z", "origin": [7.98006, 6.25, 6.50927]},
			"faces": {
				"north": {"uv": [0, 0, 0.5, 0], "texture": "#0"},
				"east": {"uv": [0, 0, 0.5, 0], "texture": "#0"},
				"south": {"uv": [0, 0, 0.5, 0], "texture": "#0"},
				"west": {"uv": [0, 0, 0.5, 0], "texture": "#0"},
				"up": {"uv": [1, 9.5, 0.5, 9], "texture": "#0"},
				"down": {"uv": [9.5, 0.5, 9, 1], "texture": "#0"}
			}
		},
		{
			"name": "text_STAFF",
			"from": [7.89343, 4.11, 6.94553],
			"to": [8.06669, 4.11, 7.11831],
			"rotation": {"angle": 0, "axis": "z", "origin": [7.98006, 6.25, 6.50927]},
			"faces": {
				"north": {"uv": [0, 0, 0.5, 0], "texture": "#0"},
				"east": {"uv": [0, 0, 0.5, 0], "texture": "#0"},
				"south": {"uv": [0, 0, 0.5, 0], "texture": "#0"},
				"west": {"uv": [0, 0, 0.5, 0], "texture": "#0"},
				"up": {"uv": [1.5, 9.5, 1, 9], "texture": "#0"},
				"down": {"uv": [9.5, 1, 9, 1.5], "texture": "#0"}
			}
		},
		{
			"name": "text_STAFF",
			"from": [7.63354, 4.11, 7.23061],
			"to": [8.32658, 4.11, 7.40339],
			"rotation": {"angle": 0, "axis": "z", "origin": [7.98006, 6.25, 6.50927]},
			"faces": {
				"north": {"uv": [0, 0, 0.5, 0], "texture": "#0"},
				"east": {"uv": [0, 0, 0.5, 0], "texture": "#0"},
				"south": {"uv": [0, 0, 0.5, 0], "texture": "#0"},
				"west": {"uv": [0, 0, 0.5, 0], "texture": "#0"},
				"up": {"uv": [2, 9.5, 1.5, 9], "texture": "#0"},
				"down": {"uv": [9.5, 1.5, 9, 2], "texture": "#0"}
			}
		},
		{
			"name": "text_STAFF",
			"from": [8.15332, 4.11, 7.40339],
			"to": [8.32658, 4.11, 7.66255],
			"rotation": {"angle": 0, "axis": "z", "origin": [7.98006, 6.25, 6.50927]},
			"faces": {
				"north": {"uv": [0, 0, 0.5, 0], "texture": "#0"},
				"east": {"uv": [0, 0, 0.5, 0], "texture": "#0"},
				"south": {"uv": [0, 0, 0.5, 0], "texture": "#0"},
				"west": {"uv": [0, 0, 0.5, 0], "texture": "#0"},
				"up": {"uv": [2.5, 9.5, 2, 9], "texture": "#0"},
				"down": {"uv": [9.5, 2, 9, 2.5], "texture": "#0"}
			}
		},
		{
			"name": "text_STAFF",
			"from": [7.89343, 4.11, 7.40339],
			"to": [8.06669, 4.11, 7.57616],
			"rotation": {"angle": 0, "axis": "z", "origin": [7.98006, 6.25, 6.50927]},
			"faces": {
				"north": {"uv": [0, 0, 0.5, 0], "texture": "#0"},
				"east": {"uv": [0, 0, 0.5, 0], "texture": "#0"},
				"south": {"uv": [0, 0, 0.5, 0], "texture": "#0"},
				"west": {"uv": [0, 0, 0.5, 0], "texture": "#0"},
				"up": {"uv": [3, 9.5, 2.5, 9], "texture": "#0"},
				"down": {"uv": [9.5, 2.5, 9, 3], "texture": "#0"}
			}
		},
		{
			"name": "text_keycard",
			"from": [7.62398, 4.11, 10.67162],
			"to": [8.31996, 4.11, 10.84561],
			"rotation": {"angle": 0, "axis": "y", "origin": [7.50816, 4.15, 7.90512]},
			"faces": {
				"north": {"uv": [0, 0, 0.5, 0], "texture": "#0"},
				"east": {"uv": [0, 0, 0.5, 0], "texture": "#0"},
				"south": {"uv": [0, 0, 0.5, 0], "texture": "#0"},
				"west": {"uv": [0, 0, 0.5, 0], "texture": "#0"},
				"up": {"uv": [3.5, 8, 3, 7.5], "texture": "#0"},
				"down": {"uv": [8, 3, 7.5, 3.5], "texture": "#0"}
			}
		},
		{
			"name": "text_keycard",
			"from": [7.62398, 4.11, 10.84561],
			"to": [7.79798, 4.11, 11.01961],
			"rotation": {"angle": 0, "axis": "y", "origin": [7.50816, 4.15, 7.90512]},
			"faces": {
				"north": {"uv": [0, 0, 0.5, 0], "texture": "#0"},
				"east": {"uv": [0, 0, 0.5, 0], "texture": "#0"},
				"south": {"uv": [0, 0, 0.5, 0], "texture": "#0"},
				"west": {"uv": [0, 0, 0.5, 0], "texture": "#0"},
				"up": {"uv": [4, 8, 3.5, 7.5], "texture": "#0"},
				"down": {"uv": [8, 3.5, 7.5, 4], "texture": "#0"}
			}
		},
		{
			"name": "text_keycard",
			"from": [8.14597, 4.11, 10.84561],
			"to": [8.31996, 4.11, 11.01961],
			"rotation": {"angle": 0, "axis": "y", "origin": [7.50816, 4.15, 7.90512]},
			"faces": {
				"north": {"uv": [0, 0, 0.5, 0], "texture": "#0"},
				"east": {"uv": [0, 0, 0.5, 0], "texture": "#0"},
				"south": {"uv": [0, 0, 0.5, 0], "texture": "#0"},
				"west": {"uv": [0, 0, 0.5, 0], "texture": "#0"},
				"up": {"uv": [4.5, 8, 4, 7.5], "texture": "#0"},
				"down": {"uv": [8, 4, 7.5, 4.5], "texture": "#0"}
			}
		},
		{
			"name": "text_keycard",
			"from": [7.79798, 4.11, 10.93261],
			"to": [8.14597, 4.11, 11.01961],
			"rotation": {"angle": 0, "axis": "y", "origin": [7.50816, 4.15, 7.90512]},
			"faces": {
				"north": {"uv": [0, 0, 0.5, 0], "texture": "#0"},
				"east": {"uv": [0, 0, 0.5, 0], "texture": "#0"},
				"south": {"uv": [0, 0, 0.5, 0], "texture": "#0"},
				"west": {"uv": [0, 0, 0.5, 0], "texture": "#0"},
				"up": {"uv": [5, 8, 4.5, 7.5], "texture": "#0"},
				"down": {"uv": [5.5, 7.5, 5, 8], "texture": "#0"}
			}
		},
		{
			"name": "text_keycard",
			"from": [7.71098, 4.11, 11.01961],
			"to": [8.23296, 4.11, 11.10661],
			"rotation": {"angle": 0, "axis": "y", "origin": [7.50816, 4.15, 7.90512]},
			"faces": {
				"north": {"uv": [0, 0, 0.5, 0], "texture": "#0"},
				"east": {"uv": [0, 0, 0.5, 0], "texture": "#0"},
				"south": {"uv": [0, 0, 0.5, 0], "texture": "#0"},
				"west": {"uv": [0, 0, 0.5, 0], "texture": "#0"},
				"up": {"uv": [8, 5.5, 7.5, 5], "texture": "#0"},
				"down": {"uv": [6, 7.5, 5.5, 8], "texture": "#0"}
			}
		},
		{
			"name": "text_keycard",
			"from": [7.62398, 4.11, 10.21054],
			"to": [8.31996, 4.11, 10.38453],
			"rotation": {"angle": 0, "axis": "y", "origin": [7.50816, 4.15, 7.90512]},
			"faces": {
				"north": {"uv": [0, 0, 0.5, 0], "texture": "#0"},
				"east": {"uv": [0, 0, 0.5, 0], "texture": "#0"},
				"south": {"uv": [0, 0, 0.5, 0], "texture": "#0"},
				"west": {"uv": [0, 0, 0.5, 0], "texture": "#0"},
				"up": {"uv": [8, 6, 7.5, 5.5], "texture": "#0"},
				"down": {"uv": [6.5, 7.5, 6, 8], "texture": "#0"}
			}
		},
		{
			"name": "text_keycard",
			"from": [8.14597, 4.11, 10.38453],
			"to": [8.31996, 4.11, 10.47153],
			"rotation": {"angle": 0, "axis": "y", "origin": [7.50816, 4.15, 7.90512]},
			"faces": {
				"north": {"uv": [0, 0, 0.5, 0], "texture": "#0"},
				"east": {"uv": [0, 0, 0.5, 0], "texture": "#0"},
				"south": {"uv": [0, 0, 0.5, 0], "texture": "#0"},
				"west": {"uv": [0, 0, 0.5, 0], "texture": "#0"},
				"up": {"uv": [8, 6.5, 7.5, 6], "texture": "#0"},
				"down": {"uv": [7, 7.5, 6.5, 8], "texture": "#0"}
			}
		},
		{
			"name": "text_keycard",
			"from": [7.88497, 4.11, 10.38453],
			"to": [8.05897, 4.11, 10.47153],
			"rotation": {"angle": 0, "axis": "y", "origin": [7.50816, 4.15, 7.90512]},
			"faces": {
				"north": {"uv": [0, 0, 0.5, 0], "texture": "#0"},
				"east": {"uv": [0, 0, 0.5, 0], "texture": "#0"},
				"south": {"uv": [0, 0, 0.5, 0], "texture": "#0"},
				"west": {"uv": [0, 0, 0.5, 0], "texture": "#0"},
				"up": {"uv": [8, 7, 7.5, 6.5], "texture": "#0"},
				"down": {"uv": [7.5, 7.5, 7, 8], "texture": "#0"}
			}
		},
		{
			"name": "text_keycard",
			"from": [7.97197, 4.11, 10.47153],
			"to": [8.31996, 4.11, 10.64553],
			"rotation": {"angle": 0, "axis": "y", "origin": [7.50816, 4.15, 7.90512]},
			"faces": {
				"north": {"uv": [0, 0, 0.5, 0], "texture": "#0"},
				"east": {"uv": [0, 0, 0.5, 0], "texture": "#0"},
				"south": {"uv": [0, 0, 0.5, 0], "texture": "#0"},
				"west": {"uv": [0, 0, 0.5, 0], "texture": "#0"},
				"up": {"uv": [8, 7.5, 7.5, 7], "texture": "#0"},
				"down": {"uv": [8, 7.5, 7.5, 8], "texture": "#0"}
			}
		},
		{
			"name": "text_keycard",
			"from": [7.62398, 4.11, 10.47153],
			"to": [7.88497, 4.11, 10.64553],
			"rotation": {"angle": 0, "axis": "y", "origin": [7.50816, 4.15, 7.90512]},
			"faces": {
				"north": {"uv": [0, 0, 0.5, 0], "texture": "#0"},
				"east": {"uv": [0, 0, 0.5, 0], "texture": "#0"},
				"south": {"uv": [0, 0, 0.5, 0], "texture": "#0"},
				"west": {"uv": [0, 0, 0.5, 0], "texture": "#0"},
				"up": {"uv": [0.5, 8.5, 0, 8], "texture": "#0"},
				"down": {"uv": [1, 8, 0.5, 8.5], "texture": "#0"}
			}
		},
		{
			"name": "text_keycard",
			"from": [7.88497, 4.11, 10.47153],
			"to": [7.97197, 4.11, 10.55852],
			"rotation": {"angle": 0, "axis": "y", "origin": [7.50816, 4.15, 7.90512]},
			"faces": {
				"north": {"uv": [0, 0, 0.5, 0], "texture": "#0"},
				"east": {"uv": [0, 0, 0.5, 0], "texture": "#0"},
				"south": {"uv": [0, 0, 0.5, 0], "texture": "#0"},
				"west": {"uv": [0, 0, 0.5, 0], "texture": "#0"},
				"up": {"uv": [8.5, 1.5, 8, 1], "texture": "#0"},
				"down": {"uv": [8.5, 1.5, 8, 2], "texture": "#0"}
			}
		},
		{
			"name": "text_keycard",
			"from": [7.88497, 4.11, 9.92345],
			"to": [8.05897, 4.11, 10.01044],
			"rotation": {"angle": 0, "axis": "y", "origin": [7.50816, 4.15, 7.90512]},
			"faces": {
				"north": {"uv": [0, 0, 0.5, 0], "texture": "#0"},
				"east": {"uv": [0, 0, 0.5, 0], "texture": "#0"},
				"south": {"uv": [0, 0, 0.5, 0], "texture": "#0"},
				"west": {"uv": [0, 0, 0.5, 0], "texture": "#0"},
				"up": {"uv": [2.5, 8.5, 2, 8], "texture": "#0"},
				"down": {"uv": [8.5, 2, 8, 2.5], "texture": "#0"}
			}
		},
		{
			"name": "text_keycard",
			"from": [7.62398, 4.11, 10.01044],
			"to": [8.31996, 4.11, 10.18444],
			"rotation": {"angle": 0, "axis": "y", "origin": [7.50816, 4.15, 7.90512]},
			"faces": {
				"north": {"uv": [0, 0, 0.5, 0], "texture": "#0"},
				"east": {"uv": [0, 0, 0.5, 0], "texture": "#0"},
				"south": {"uv": [0, 0, 0.5, 0], "texture": "#0"},
				"west": {"uv": [0, 0, 0.5, 0], "texture": "#0"},
				"up": {"uv": [3, 8.5, 2.5, 8], "texture": "#0"},
				"down": {"uv": [8.5, 2.5, 8, 3], "texture": "#0"}
			}
		},
		{
			"name": "text_keycard",
			"from": [8.14597, 4.11, 9.92345],
			"to": [8.31996, 4.11, 10.01044],
			"rotation": {"angle": 0, "axis": "y", "origin": [7.50816, 4.15, 7.90512]},
			"faces": {
				"north": {"uv": [0, 0, 0.5, 0], "texture": "#0"},
				"east": {"uv": [0, 0, 0.5, 0], "texture": "#0"},
				"south": {"uv": [0, 0, 0.5, 0], "texture": "#0"},
				"west": {"uv": [0, 0, 0.5, 0], "texture": "#0"},
				"up": {"uv": [3.5, 8.5, 3, 8], "texture": "#0"},
				"down": {"uv": [8.5, 3, 8, 3.5], "texture": "#0"}
			}
		},
		{
			"name": "text_keycard",
			"from": [7.62398, 4.11, 9.74945],
			"to": [8.31996, 4.11, 9.92345],
			"rotation": {"angle": 0, "axis": "y", "origin": [7.50816, 4.15, 7.90512]},
			"faces": {
				"north": {"uv": [0, 0, 0.5, 0], "texture": "#0"},
				"east": {"uv": [0, 0, 0.5, 0], "texture": "#0"},
				"south": {"uv": [0, 0, 0.5, 0], "texture": "#0"},
				"west": {"uv": [0, 0, 0.5, 0], "texture": "#0"},
				"up": {"uv": [4, 8.5, 3.5, 8], "texture": "#0"},
				"down": {"uv": [8.5, 3.5, 8, 4], "texture": "#0"}
			}
		},
		{
			"name": "text_keycard",
			"from": [7.62398, 4.11, 9.46237],
			"to": [7.79798, 4.11, 9.72335],
			"rotation": {"angle": 0, "axis": "y", "origin": [7.50816, 4.15, 7.90512]},
			"faces": {
				"north": {"uv": [0, 0, 0.5, 0], "texture": "#0"},
				"east": {"uv": [0, 0, 0.5, 0], "texture": "#0"},
				"south": {"uv": [0, 0, 0.5, 0], "texture": "#0"},
				"west": {"uv": [0, 0, 0.5, 0], "texture": "#0"},
				"up": {"uv": [4.5, 8.5, 4, 8], "texture": "#0"},
				"down": {"uv": [8.5, 4, 8, 4.5], "texture": "#0"}
			}
		},
		{
			"name": "text_keycard",
			"from": [8.14597, 4.11, 9.46237],
			"to": [8.31996, 4.11, 9.72335],
			"rotation": {"angle": 0, "axis": "y", "origin": [7.50816, 4.15, 7.90512]},
			"faces": {
				"north": {"uv": [0, 0, 0.5, 0], "texture": "#0"},
				"east": {"uv": [0, 0, 0.5, 0], "texture": "#0"},
				"south": {"uv": [0, 0, 0.5, 0], "texture": "#0"},
				"west": {"uv": [0, 0, 0.5, 0], "texture": "#0"},
				"up": {"uv": [5, 8.5, 4.5, 8], "texture": "#0"},
				"down": {"uv": [8.5, 4.5, 8, 5], "texture": "#0"}
			}
		},
		{
			"name": "text_keycard",
			"from": [7.62398, 4.11, 9.28837],
			"to": [8.31996, 4.11, 9.46237],
			"rotation": {"angle": 0, "axis": "y", "origin": [7.50816, 4.15, 7.90512]},
			"faces": {
				"north": {"uv": [0, 0, 0.5, 0], "texture": "#0"},
				"east": {"uv": [0, 0, 0.5, 0], "texture": "#0"},
				"south": {"uv": [0, 0, 0.5, 0], "texture": "#0"},
				"west": {"uv": [0, 0, 0.5, 0], "texture": "#0"},
				"up": {"uv": [5.5, 8.5, 5, 8], "texture": "#0"},
				"down": {"uv": [8.5, 5, 8, 5.5], "texture": "#0"}
			}
		},
		{
			"name": "text_keycard",
			"from": [7.62398, 4.11, 8.93603],
			"to": [8.05897, 4.11, 9.15352],
			"rotation": {"angle": 0, "axis": "y", "origin": [7.50816, 4.15, 7.90512]},
			"faces": {
				"north": {"uv": [0, 0, 0.5, 0], "texture": "#0"},
				"east": {"uv": [0, 0, 0.5, 0], "texture": "#0"},
				"south": {"uv": [0, 0, 0.5, 0], "texture": "#0"},
				"west": {"uv": [0, 0, 0.5, 0], "texture": "#0"},
				"up": {"uv": [6, 8.5, 5.5, 8], "texture": "#0"},
				"down": {"uv": [8.5, 5.5, 8, 6], "texture": "#0"}
			}
		},
		{
			"name": "text_keycard",
			"from": [7.97197, 4.11, 9.08828],
			"to": [8.31996, 4.11, 9.26227],
			"rotation": {"angle": 0, "axis": "y", "origin": [7.50816, 4.15, 7.90512]},
			"faces": {
				"north": {"uv": [0, 0, 0.5, 0], "texture": "#0"},
				"east": {"uv": [0, 0, 0.5, 0], "texture": "#0"},
				"south": {"uv": [0, 0, 0.5, 0], "texture": "#0"},
				"west": {"uv": [0, 0, 0.5, 0], "texture": "#0"},
				"up": {"uv": [6.5, 8.5, 6, 8], "texture": "#0"},
				"down": {"uv": [8.5, 6, 8, 6.5], "texture": "#0"}
			}
		},
		{
			"name": "text_keycard",
			"from": [7.97197, 4.11, 8.82729],
			"to": [8.31996, 4.11, 9.00128],
			"rotation": {"angle": 0, "axis": "y", "origin": [7.50816, 4.15, 7.90512]},
			"faces": {
				"north": {"uv": [0, 0, 0.5, 0], "texture": "#0"},
				"east": {"uv": [0, 0, 0.5, 0], "texture": "#0"},
				"south": {"uv": [0, 0, 0.5, 0], "texture": "#0"},
				"west": {"uv": [0, 0, 0.5, 0], "texture": "#0"},
				"up": {"uv": [7, 8.5, 6.5, 8], "texture": "#0"},
				"down": {"uv": [8.5, 6.5, 8, 7], "texture": "#0"}
			}
		},
		{
			"name": "text_keycard",
			"from": [7.62398, 4.11, 8.54019],
			"to": [7.79798, 4.11, 8.80119],
			"rotation": {"angle": 0, "axis": "y", "origin": [7.50816, 4.15, 7.90512]},
			"faces": {
				"north": {"uv": [0, 0, 0.5, 0], "texture": "#0"},
				"east": {"uv": [0, 0, 0.5, 0], "texture": "#0"},
				"south": {"uv": [0, 0, 0.5, 0], "texture": "#0"},
				"west": {"uv": [0, 0, 0.5, 0], "texture": "#0"},
				"up": {"uv": [7.5, 8.5, 7, 8], "texture": "#0"},
				"down": {"uv": [8.5, 7, 8, 7.5], "texture": "#0"}
			}
		},
		{
			"name": "text_keycard",
			"from": [7.88497, 4.11, 8.54019],
			"to": [8.05897, 4.11, 8.71419],
			"rotation": {"angle": 0, "axis": "y", "origin": [7.50816, 4.15, 7.90512]},
			"faces": {
				"north": {"uv": [0, 0, 0.5, 0], "texture": "#0"},
				"east": {"uv": [0, 0, 0.5, 0], "texture": "#0"},
				"south": {"uv": [0, 0, 0.5, 0], "texture": "#0"},
				"west": {"uv": [0, 0, 0.5, 0], "texture": "#0"},
				"up": {"uv": [8, 8.5, 7.5, 8], "texture": "#0"},
				"down": {"uv": [8.5, 7.5, 8, 8], "texture": "#0"}
			}
		},
		{
			"name": "text_keycard",
			"from": [8.14597, 4.11, 8.54019],
			"to": [8.31996, 4.11, 8.80119],
			"rotation": {"angle": 0, "axis": "y", "origin": [7.50816, 4.15, 7.90512]},
			"faces": {
				"north": {"uv": [0, 0, 0.5, 0], "texture": "#0"},
				"east": {"uv": [0, 0, 0.5, 0], "texture": "#0"},
				"south": {"uv": [0, 0, 0.5, 0], "texture": "#0"},
				"west": {"uv": [0, 0, 0.5, 0], "texture": "#0"},
				"up": {"uv": [8.5, 8.5, 8, 8], "texture": "#0"},
				"down": {"uv": [0.5, 8.5, 0, 9], "texture": "#0"}
			}
		},
		{
			"name": "text_keycard",
			"from": [7.62398, 4.11, 8.3662],
			"to": [8.31996, 4.11, 8.54019],
			"rotation": {"angle": 0, "axis": "y", "origin": [7.50816, 4.15, 7.90512]},
			"faces": {
				"north": {"uv": [0, 0, 0.5, 0], "texture": "#0"},
				"east": {"uv": [0, 0, 0.5, 0], "texture": "#0"},
				"south": {"uv": [0, 0, 0.5, 0], "texture": "#0"},
				"west": {"uv": [0, 0, 0.5, 0], "texture": "#0"},
				"up": {"uv": [9, 0.5, 8.5, 0], "texture": "#0"},
				"down": {"uv": [1, 8.5, 0.5, 9], "texture": "#0"}
			}
		},
		{
			"name": "text_keycard",
			"from": [7.62398, 4.11, 8.2531],
			"to": [7.88497, 4.11, 8.34011],
			"rotation": {"angle": 0, "axis": "y", "origin": [7.50816, 4.15, 7.90512]},
			"faces": {
				"north": {"uv": [0, 0, 0.5, 0], "texture": "#0"},
				"east": {"uv": [0, 0, 0.5, 0], "texture": "#0"},
				"south": {"uv": [0, 0, 0.5, 0], "texture": "#0"},
				"west": {"uv": [0, 0, 0.5, 0], "texture": "#0"},
				"up": {"uv": [9, 1, 8.5, 0.5], "texture": "#0"},
				"down": {"uv": [1.5, 8.5, 1, 9], "texture": "#0"}
			}
		},
		{
			"name": "text_keycard",
			"from": [8.05897, 4.11, 8.2531],
			"to": [8.31996, 4.11, 8.34011],
			"rotation": {"angle": 0, "axis": "y", "origin": [7.50816, 4.15, 7.90512]},
			"faces": {
				"north": {"uv": [0, 0, 0.5, 0], "texture": "#0"},
				"east": {"uv": [0, 0, 0.5, 0], "texture": "#0"},
				"south": {"uv": [0, 0, 0.5, 0], "texture": "#0"},
				"west": {"uv": [0, 0, 0.5, 0], "texture": "#0"},
				"up": {"uv": [9, 1.5, 8.5, 1], "texture": "#0"},
				"down": {"uv": [2, 8.5, 1.5, 9], "texture": "#0"}
			}
		},
		{
			"name": "text_keycard",
			"from": [7.62398, 4.11, 8.16611],
			"to": [8.31996, 4.11, 8.2531],
			"rotation": {"angle": 0, "axis": "y", "origin": [7.50816, 4.15, 7.90512]},
			"faces": {
				"north": {"uv": [0, 0, 0.5, 0], "texture": "#0"},
				"east": {"uv": [0, 0, 0.5, 0], "texture": "#0"},
				"south": {"uv": [0, 0, 0.5, 0], "texture": "#0"},
				"west": {"uv": [0, 0, 0.5, 0], "texture": "#0"},
				"up": {"uv": [9, 2, 8.5, 1.5], "texture": "#0"},
				"down": {"uv": [2.5, 8.5, 2, 9], "texture": "#0"}
			}
		},
		{
			"name": "text_keycard",
			"from": [7.84148, 4.11, 8.07911],
			"to": [8.10247, 4.11, 8.16611],
			"rotation": {"angle": 0, "axis": "y", "origin": [7.50816, 4.15, 7.90512]},
			"faces": {
				"north": {"uv": [0, 0, 0.5, 0], "texture": "#0"},
				"east": {"uv": [0, 0, 0.5, 0], "texture": "#0"},
				"south": {"uv": [0, 0, 0.5, 0], "texture": "#0"},
				"west": {"uv": [0, 0, 0.5, 0], "texture": "#0"},
				"up": {"uv": [9, 2.5, 8.5, 2], "texture": "#0"},
				"down": {"uv": [3, 8.5, 2.5, 9], "texture": "#0"}
			}
		},
		{
			"name": "text_keycard",
			"from": [7.62398, 4.11, 7.90512],
			"to": [8.31996, 4.11, 8.07911],
			"rotation": {"angle": 0, "axis": "y", "origin": [7.50816, 4.15, 7.90512]},
			"faces": {
				"north": {"uv": [0, 0, 0.5, 0], "texture": "#0"},
				"east": {"uv": [0, 0, 0.5, 0], "texture": "#0"},
				"south": {"uv": [0, 0, 0.5, 0], "texture": "#0"},
				"west": {"uv": [0, 0, 0.5, 0], "texture": "#0"},
				"up": {"uv": [9, 3, 8.5, 2.5], "texture": "#0"},
				"down": {"uv": [3.5, 8.5, 3, 9], "texture": "#0"}
			}
		},
		{
			"name": "text_Jbw",
			"from": [9.56598, 4.11, 5.03078],
			"to": [9.78459, 4.11, 5.57731],
			"rotation": {"angle": 0, "axis": "z", "origin": [10.0032, 6, 6.02]},
			"faces": {
				"north": {"uv": [0, 0, 0.5, 0], "texture": "#0"},
				"east": {"uv": [0, 0, 0.5, 0], "texture": "#0"},
				"south": {"uv": [0, 0, 0.5, 0], "texture": "#0"},
				"west": {"uv": [0, 0, 0.5, 0], "texture": "#0"},
				"up": {"uv": [4.5, 7, 4, 6.5], "texture": "#0"},
				"down": {"uv": [5, 6.5, 4.5, 7], "texture": "#0"}
			}
		},
		{
			"name": "text_Jbw",
			"from": [9.78459, 4.11, 5.3587],
			"to": [10.44042, 4.11, 5.57731],
			"rotation": {"angle": 0, "axis": "z", "origin": [10.0032, 6, 6.02]},
			"faces": {
				"north": {"uv": [0, 0, 0.5, 0], "texture": "#0"},
				"east": {"uv": [0, 0, 0.5, 0], "texture": "#0"},
				"south": {"uv": [0, 0, 0.5, 0], "texture": "#0"},
				"west": {"uv": [0, 0, 0.5, 0], "texture": "#0"},
				"up": {"uv": [5.5, 7, 5, 6.5], "texture": "#0"},
				"down": {"uv": [6, 6.5, 5.5, 7], "texture": "#0"}
			}
		},
		{
			"name": "text_Jbw",
			"from": [10.22181, 4.11, 5.14009],
			"to": [10.44042, 4.11, 5.3587],
			"rotation": {"angle": 0, "axis": "z", "origin": [10.0032, 6, 6.02]},
			"faces": {
				"north": {"uv": [0, 0, 0.5, 0], "texture": "#0"},
				"east": {"uv": [0, 0, 0.5, 0], "texture": "#0"},
				"south": {"uv": [0, 0, 0.5, 0], "texture": "#0"},
				"west": {"uv": [0, 0, 0.5, 0], "texture": "#0"},
				"up": {"uv": [6.5, 7, 6, 6.5], "texture": "#0"},
				"down": {"uv": [7, 6, 6.5, 6.5], "texture": "#0"}
			}
		},
		{
			"name": "text_Jbw",
			"from": [9.56598, 4.11, 5.6101],
			"to": [10.44042, 4.11, 5.82871],
			"rotation": {"angle": 0, "axis": "z", "origin": [10.0032, 6, 6.02]},
			"faces": {
				"north": {"uv": [0, 0, 0.5, 0], "texture": "#0"},
				"east": {"uv": [0, 0, 0.5, 0], "texture": "#0"},
				"south": {"uv": [0, 0, 0.5, 0], "texture": "#0"},
				"west": {"uv": [0, 0, 0.5, 0], "texture": "#0"},
				"up": {"uv": [7, 7, 6.5, 6.5], "texture": "#0"},
				"down": {"uv": [2.5, 7, 2, 7.5], "texture": "#0"}
			}
		},
		{
			"name": "text_Jbw",
			"from": [10.22181, 4.11, 5.82871],
			"to": [10.44042, 4.11, 5.93802],
			"rotation": {"angle": 0, "axis": "z", "origin": [10.0032, 6, 6.02]},
			"faces": {
				"north": {"uv": [0, 0, 0.5, 0], "texture": "#0"},
				"east": {"uv": [0, 0, 0.5, 0], "texture": "#0"},
				"south": {"uv": [0, 0, 0.5, 0], "texture": "#0"},
				"west": {"uv": [0, 0, 0.5, 0], "texture": "#0"},
				"up": {"uv": [3, 7.5, 2.5, 7], "texture": "#0"},
				"down": {"uv": [3.5, 7, 3, 7.5], "texture": "#0"}
			}
		},
		{
			"name": "text_Jbw",
			"from": [9.56598, 4.11, 5.82871],
			"to": [9.78459, 4.11, 5.93802],
			"rotation": {"angle": 0, "axis": "z", "origin": [10.0032, 6, 6.02]},
			"faces": {
				"north": {"uv": [0, 0, 0.5, 0], "texture": "#0"},
				"east": {"uv": [0, 0, 0.5, 0], "texture": "#0"},
				"south": {"uv": [0, 0, 0.5, 0], "texture": "#0"},
				"west": {"uv": [0, 0, 0.5, 0], "texture": "#0"},
				"up": {"uv": [4, 7.5, 3.5, 7], "texture": "#0"},
				"down": {"uv": [7.5, 3.5, 7, 4], "texture": "#0"}
			}
		},
		{
			"name": "text_Jbw",
			"from": [9.89389, 4.11, 5.82871],
			"to": [10.11251, 4.11, 5.93802],
			"rotation": {"angle": 0, "axis": "z", "origin": [10.0032, 6, 6.02]},
			"faces": {
				"north": {"uv": [0, 0, 0.5, 0], "texture": "#0"},
				"east": {"uv": [0, 0, 0.5, 0], "texture": "#0"},
				"south": {"uv": [0, 0, 0.5, 0], "texture": "#0"},
				"west": {"uv": [0, 0, 0.5, 0], "texture": "#0"},
				"up": {"uv": [4.5, 7.5, 4, 7], "texture": "#0"},
				"down": {"uv": [5, 7, 4.5, 7.5], "texture": "#0"}
			}
		},
		{
			"name": "text_Jbw",
			"from": [9.94855, 4.11, 5.93802],
			"to": [10.05785, 4.11, 6.04733],
			"rotation": {"angle": 0, "axis": "z", "origin": [10.0032, 6, 6.02]},
			"faces": {
				"north": {"uv": [0, 0, 0.5, 0], "texture": "#0"},
				"east": {"uv": [0, 0, 0.5, 0], "texture": "#0"},
				"south": {"uv": [0, 0, 0.5, 0], "texture": "#0"},
				"west": {"uv": [0, 0, 0.5, 0], "texture": "#0"},
				"up": {"uv": [5.5, 7.5, 5, 7], "texture": "#0"},
				"down": {"uv": [7.5, 5, 7, 5.5], "texture": "#0"}
			}
		},
		{
			"name": "text_Jbw",
			"from": [9.56598, 4.11, 5.93802],
			"to": [9.94855, 4.11, 6.15663],
			"rotation": {"angle": 0, "axis": "z", "origin": [10.0032, 6, 6.02]},
			"faces": {
				"north": {"uv": [0, 0, 0.5, 0], "texture": "#0"},
				"east": {"uv": [0, 0, 0.5, 0], "texture": "#0"},
				"south": {"uv": [0, 0, 0.5, 0], "texture": "#0"},
				"west": {"uv": [0, 0, 0.5, 0], "texture": "#0"},
				"up": {"uv": [6, 7.5, 5.5, 7], "texture": "#0"},
				"down": {"uv": [7.5, 5.5, 7, 6], "texture": "#0"}
			}
		},
		{
			"name": "text_Jbw",
			"from": [10.05785, 4.11, 5.93802],
			"to": [10.44042, 4.11, 6.15663],
			"rotation": {"angle": 0, "axis": "z", "origin": [10.0032, 6, 6.02]},
			"faces": {
				"north": {"uv": [0, 0, 0.5, 0], "texture": "#0"},
				"east": {"uv": [0, 0, 0.5, 0], "texture": "#0"},
				"south": {"uv": [0, 0, 0.5, 0], "texture": "#0"},
				"west": {"uv": [0, 0, 0.5, 0], "texture": "#0"},
				"up": {"uv": [6.5, 7.5, 6, 7], "texture": "#0"},
				"down": {"uv": [7.5, 6, 7, 6.5], "texture": "#0"}
			}
		},
		{
			"name": "text_Jbw",
			"from": [9.56598, 4.11, 6.18942],
			"to": [10.44042, 4.11, 6.40804],
			"rotation": {"angle": 0, "axis": "z", "origin": [10.0032, 6, 6.02]},
			"faces": {
				"north": {"uv": [0, 0, 0.5, 0], "texture": "#0"},
				"east": {"uv": [0, 0, 0.5, 0], "texture": "#0"},
				"south": {"uv": [0, 0, 0.5, 0], "texture": "#0"},
				"west": {"uv": [0, 0, 0.5, 0], "texture": "#0"},
				"up": {"uv": [7, 7.5, 6.5, 7], "texture": "#0"},
				"down": {"uv": [7.5, 6.5, 7, 7], "texture": "#0"}
			}
		},
		{
			"name": "text_Jbw",
			"from": [9.56598, 4.11, 6.6813],
			"to": [10.44042, 4.11, 6.89991],
			"rotation": {"angle": 0, "axis": "z", "origin": [10.0032, 6, 6.02]},
			"faces": {
				"north": {"uv": [0, 0, 0.5, 0], "texture": "#0"},
				"east": {"uv": [0, 0, 0.5, 0], "texture": "#0"},
				"south": {"uv": [0, 0, 0.5, 0], "texture": "#0"},
				"west": {"uv": [0, 0, 0.5, 0], "texture": "#0"},
				"up": {"uv": [7.5, 7.5, 7, 7], "texture": "#0"},
				"down": {"uv": [0.5, 7.5, 0, 8], "texture": "#0"}
			}
		},
		{
			"name": "text_Jbw",
			"from": [9.67528, 4.11, 6.40804],
			"to": [10.0032, 4.11, 6.46269],
			"rotation": {"angle": 0, "axis": "z", "origin": [10.0032, 6, 6.02]},
			"faces": {
				"north": {"uv": [0, 0, 0.5, 0], "texture": "#0"},
				"east": {"uv": [0, 0, 0.5, 0], "texture": "#0"},
				"south": {"uv": [0, 0, 0.5, 0], "texture": "#0"},
				"west": {"uv": [0, 0, 0.5, 0], "texture": "#0"},
				"up": {"uv": [8, 1.5, 7.5, 1], "texture": "#0"},
				"down": {"uv": [8, 1.5, 7.5, 2], "texture": "#0"}
			}
		},
		{
			"name": "text_Jbw",
			"from": [9.67528, 4.11, 6.62665],
			"to": [10.0032, 4.11, 6.6813],
			"rotation": {"angle": 0, "axis": "z", "origin": [10.0032, 6, 6.02]},
			"faces": {
				"north": {"uv": [0, 0, 0.5, 0], "texture": "#0"},
				"east": {"uv": [0, 0, 0.5, 0], "texture": "#0"},
				"south": {"uv": [0, 0, 0.5, 0], "texture": "#0"},
				"west": {"uv": [0, 0, 0.5, 0], "texture": "#0"},
				"up": {"uv": [2.5, 8, 2, 7.5], "texture": "#0"},
				"down": {"uv": [8, 2, 7.5, 2.5], "texture": "#0"}
			}
		},
		{
			"name": "text_Jbw",
			"from": [9.78459, 4.11, 6.46269],
			"to": [10.22181, 4.11, 6.62665],
			"rotation": {"angle": 0, "axis": "z", "origin": [10.0032, 6, 6.02]},
			"faces": {
				"north": {"uv": [0, 0, 0.5, 0], "texture": "#0"},
				"east": {"uv": [0, 0, 0.5, 0], "texture": "#0"},
				"south": {"uv": [0, 0, 0.5, 0], "texture": "#0"},
				"west": {"uv": [0, 0, 0.5, 0], "texture": "#0"},
				"up": {"uv": [3, 8, 2.5, 7.5], "texture": "#0"},
				"down": {"uv": [8, 2.5, 7.5, 3], "texture": "#0"}
			}
		}
	],
	"gui_light": "front",
	"display": {
		"thirdperson_righthand": {
			"rotation": [95.5, 0, 0],
			"translation": [0, 2, 5.25]
		},
		"thirdperson_lefthand": {
			"rotation": [95.5, 0, 0],
			"translation": [0, 3.25, 5.25]
		},
		"firstperson_righthand": {
			"rotation": [43.14, -9, 11.92],
			"translation": [1.5, 5.75, -0.75]
		},
		"firstperson_lefthand": {
			"rotation": [43.14, -9, 11.92],
			"translation": [1.5, 5.75, -0.75]
		},
		"gui": {
			"rotation": [-0.44, 85.77, 90.4],
			"translation": [-1.75, -0.5, 0],
			"scale": [2.03, 2.03, 2.03]
		},
		"head": {
			"rotation": [-90, -90, 0],
			"translation": [0, 17.75, -13.25],
			"scale": [3.20703, 3.20703, 3.20703]
		},
		"fixed": {
			"rotation": [-90, -90, 0],
			"translation": [1, 0, -6.5],
			"scale": [1.87695, 1.87695, 1.87695]
		}
	},
	"groups": [
		{
			"name": "keycard",
			"origin": [8, 8, 8],
			"color": 0,
			"children": [
				0,
				1,
				2,
				3,
				4,
				5,
				6,
				7,
				8,
				9,
				10,
				11,
				12,
				13,
				14,
				15,
				16,
				17,
				18,
				19,
				20,
				21,
				22,
				23,
				24,
				25,
				26,
				{
					"name": "staff",
					"origin": [8, 8, 8],
					"color": 0,
					"children": [
						{
							"name": "character_s",
							"origin": [8, 8, 8],
							"color": 0,
							"children": [27, 28, 29, 30, 31]
						},
						{
							"name": "character_t",
							"origin": [8, 8, 8],
							"color": 0,
							"children": [32, 33]
						},
						{
							"name": "character_a",
							"origin": [8, 8, 8],
							"color": 0,
							"children": [34, 35, 36, 37]
						},
						{
							"name": "character_f",
							"origin": [8, 8, 8],
							"color": 0,
							"children": [38, 39, 40]
						},
						{
							"name": "character_f",
							"origin": [8, 8, 8],
							"color": 0,
							"children": [41, 42, 43]
						}
					]
				},
				{
					"name": "keycard2",
					"origin": [8, 8, 8],
					"color": 0,
					"children": [44, 45, 46, 47, 48, 49, 50, 51, 52, 53, 54, 55, 56, 57, 58, 59, 60, 61, 62, 63, 64, 65, 66, 67, 68, 69, 70, 71, 72, 73]
				},
				{
					"name": "text_jbw",
					"origin": [8, 8, 8],
					"color": 0,
					"children": [
						{
							"name": "character_j",
							"origin": [8, 8, 8],
							"color": 0,
							"children": [74, 75, 76]
						},
						{
							"name": "character_b",
							"origin": [8, 8, 8],
							"color": 0,
							"children": [77, 78, 79, 80, 81, 82, 83]
						},
						{
							"name": "character_w",
							"origin": [8, 8, 8],
							"color": 0,
							"children": [84, 85, 86, 87, 88]
						}
					]
				}
			]
		}
	]
}