{
	"format_version": "1.21.6",
	"credit": "Made with Blockbench",
	"textures": {
		"0": "item/vampiric_staff",
		"particle": "item/vampiric_staff"
	},
	"elements": [
		{
			"from": [3, 0, 8],
			"to": [13, 10, 8],
			"rotation": {"angle": 0, "axis": "y", "origin": [7, 0, 8]},
			"faces": {
				"north": {"uv": [0, 0, 16, 16], "texture": "#0"},
				"east": {"uv": [0, 0, 0, 10], "texture": "#0"},
				"south": {"uv": [16, 0, 0, 16], "texture": "#0"},
				"west": {"uv": [0, 0, 0, 10], "texture": "#0"},
				"up": {"uv": [0, 0, 10, 0], "texture": "#0"},
				"down": {"uv": [0, 0, 10, 0], "texture": "#0"}
			}
		}
	],
	"display": {
		"thirdperson_righthand": {
			"rotation": [-111.22, 88.52, 88.75],
			"translation": [0, 9.75, 2.25],
			"scale": [1.30273, 1.30273, 1.30273]
		},
		"thirdperson_lefthand": {
			"rotation": [-111.22, 88.52, 88.75],
			"translation": [0, 9.75, 2.25],
			"scale": [1.30273, 1.30273, 1.30273]
		},
		"firstperson_righthand": {
			"rotation": [-124.72, 88.52, 88.75],
			"translation": [-1.75, 9.25, 2.5],
			"scale": [0.80469, 0.80469, 0.80469]
		},
		"firstperson_lefthand": {
			"rotation": [-177.28, 67.18, -139.49],
			"translation": [0, 9.25, 4.75],
			"scale": [0.80469, 0.80469, 0.80469]
		},
		"ground": {
			"translation": [0, 5, 0],
			"scale": [1.22266, 1.22266, 1.22266]
		},
		"gui": {
			"rotation": [0, 0, -90],
			"translation": [4.75, 0.25, 0],
			"scale": [1.51953, 1.51953, 1.51953]
		},
		"head": {
			"rotation": [0, 0, -45],
			"translation": [4.25, 25.25, 0],
			"scale": [1.9043, 1.9043, 1.9043]
		},
		"fixed": {
			"translation": [-0.25, 5.25, 0],
			"scale": [1.74023, 1.74023, 1.74023]
		},
		"on_shelf": {
			"translation": [0, 1.5, 0]
		}
	}
}