{
	"format_version": "1.21.6",
	"credit": "Made with Blockbench",
	"texture_size": [32, 32],
	"textures": {
		"0": "item/oph_proj6black",
		"particle": "item/oph_proj6black"
	},
	"elements": [
		{
			"from": [4.375, 4.5, 4.5],
			"to": [11.375, 11.5, 11.5],
			"rotation": {"angle": 0, "axis": "y", "origin": [8, 8, 8]},
			"faces": {
				"north": {"uv": [9, 4.5, 12.5, 8], "texture": "#0"},
				"east": {"uv": [8, 9, 11.5, 12.5], "texture": "#0"},
				"south": {"uv": [11.5, 8, 15, 11.5], "texture": "#0"},
				"west": {"uv": [11.5, 9, 8, 12.5], "texture": "#0"},
				"up": {"uv": [15, 15, 11.5, 11.5], "rotation": 270, "texture": "#0"},
				"down": {"uv": [15, 11.5, 11.5, 15], "rotation": 90, "texture": "#0"}
			}
		},
		{
			"name": "cube inverted",
			"from": [12.375, 12.25, 12.25],
			"to": [3.875, 3.75, 3.75],
			"rotation": {"angle": 0, "axis": "y", "origin": [8, 8, 8]},
			"faces": {
				"north": {"uv": [0, 4.5, 4.5, 9], "texture": "#0"},
				"east": {"uv": [4.5, 0, 9, 4.5], "texture": "#0"},
				"south": {"uv": [4.5, 4.5, 9, 9], "texture": "#0"},
				"west": {"uv": [0, 0, 4.5, 4.5], "texture": "#0"},
				"up": {"uv": [4.5, 13.5, 0, 9], "rotation": 270, "texture": "#0"},
				"down": {"uv": [13.5, 0, 9, 4.5], "rotation": 90, "texture": "#0"}
			}
		}
	],
	"display": {
		"head": {
			"scale": [2, 2, 2]
		}
	}
}