{
	"format_version": "1.21.6",
	"credit": "Made with Blockbench",
	"textures": {
		"0": "item/zaricrown",
		"particle": "item/zaricrown"
	},
	"elements": [
		{
			"from": [2, 4, 1.75],
			"to": [14, 10, 2.25],
			"rotation": {"angle": 0, "axis": "y", "origin": [7, 4, -0.25]},
			"faces": {
				"north": {"uv": [8, 7.5, 12, 9], "texture": "#0"},
				"east": {"uv": [11.5, 7.5, 12, 9], "texture": "#0"},
				"south": {"uv": [8, 7.5, 12, 9], "texture": "#0"},
				"west": {"uv": [11.5, 7.5, 12, 9], "texture": "#0"},
				"up": {"uv": [8, 7.5, 12, 8], "texture": "#0"},
				"down": {"uv": [0, 0, 12, 2], "texture": "#0"}
			}
		},
		{
			"from": [1.75, 4, 2],
			"to": [2.25, 10, 14],
			"rotation": {"angle": 0, "axis": "y", "origin": [1.75, 4, 7]},
			"faces": {
				"north": {"uv": [15.5, 7.5, 16, 9], "texture": "#0"},
				"east": {"uv": [12, 7.5, 16, 9], "texture": "#0"},
				"south": {"uv": [15.5, 7.5, 16, 9], "texture": "#0"},
				"west": {"uv": [12, 7.5, 16, 9], "texture": "#0"},
				"up": {"uv": [12, 7.5, 16, 8], "rotation": 90, "texture": "#0"},
				"down": {"uv": [0, 0, 12, 2], "rotation": 270, "texture": "#0"}
			}
		},
		{
			"from": [13.75, 4, 2],
			"to": [14.25, 10, 14],
			"rotation": {"angle": 0, "axis": "y", "origin": [14.25, 4, 7]},
			"faces": {
				"north": {"uv": [0, 7.5, 0.5, 9], "texture": "#0"},
				"east": {"uv": [0, 7.5, 4, 9], "texture": "#0"},
				"south": {"uv": [0, 7.5, 0.5, 9], "texture": "#0"},
				"west": {"uv": [0, 7.5, 4, 9], "texture": "#0"},
				"up": {"uv": [0, 7.5, 4, 8], "rotation": 90, "texture": "#0"},
				"down": {"uv": [0, 0, 12, 2], "rotation": 270, "texture": "#0"}
			}
		},
		{
			"from": [2, 4, 13.75],
			"to": [14, 10, 14.25],
			"rotation": {"angle": 0, "axis": "y", "origin": [7, 4, 14.25]},
			"faces": {
				"north": {"uv": [4, 7.5, 8, 9], "texture": "#0"},
				"east": {"uv": [3.5, 7.5, 4, 9], "texture": "#0"},
				"south": {"uv": [4, 7.5, 8, 9], "texture": "#0"},
				"west": {"uv": [4, 7.5, 4.5, 9], "texture": "#0"},
				"up": {"uv": [4, 7.5, 8, 8], "texture": "#0"},
				"down": {"uv": [0, 0, 12, 2], "texture": "#0"}
			}
		}
	],
	"display": {
		"thirdperson_righthand": {
			"translation": [0, 0.75, 1.25],
			"scale": [0.34766, 0.34766, 0.34766]
		},
		"thirdperson_lefthand": {
			"translation": [0, 0.75, 1.25],
			"scale": [0.34766, 0.34766, 0.34766]
		},
		"firstperson_righthand": {
			"translation": [0, 4, 0],
			"scale": [0.38867, 0.38867, 0.38867]
		},
		"firstperson_lefthand": {
			"translation": [0, 4, 0],
			"scale": [0.38867, 0.38867, 0.38867]
		},
		"gui": {
			"rotation": [22.07, -6.8, -28.97],
			"translation": [0.75, 0, 0]
		},
		"head": {
			"translation": [0, 6.25, 0],
			"scale": [1.20508, 1.20508, 1.20508]
		}
	}
}