{
	"format_version": "1.21.6",
	"credit": "Made with Blockbench",
	"textures": {
		"3": "item/attacks/clock2",
		"5": "item/attacks/fang",
		"6": "item/attacks/jumpprojectile",
		"particle": "item/attacks/clock2"
	},
	"elements": [
		{
			"from": [3, 1, 3],
			"to": [13, 3, 13],
			"rotation": {"angle": 0, "axis": "y", "origin": [0, 1, 0]},
			"faces": {
				"north": {"uv": [0, 11.2, 16, 16], "texture": "#3"},
				"east": {"uv": [0, 11.2, 16, 16], "texture": "#3"},
				"south": {"uv": [0, 11.2, 16, 16], "texture": "#3"},
				"west": {"uv": [0, 11.2, 15.8, 16], "texture": "#3"},
				"up": {"uv": [0, 0, 1, 1], "texture": "#3"},
				"down": {"uv": [0, 0, 5, 5], "texture": "#3"}
			}
		},
		{
			"from": [3.5, 0, 3.5],
			"to": [12.5, 4, 12.5],
			"rotation": {"angle": 0, "axis": "y", "origin": [0, 10, 0]},
			"faces": {
				"north": {"uv": [0.008, 0, 16, 16], "texture": "#6"},
				"east": {"uv": [0.008, 0, 16, 16], "texture": "#6"},
				"south": {"uv": [0, 0, 16, 16], "texture": "#6"},
				"west": {"uv": [0, 0, 16, 16], "texture": "#6"},
				"up": {"uv": [15.992, 16, 0, 0.008], "texture": "#6"},
				"down": {"uv": [15.992, 16, 0, 0.008], "texture": "#6"}
			}
		},
		{
			"from": [-1, 2, -1],
			"to": [17, 2, 17],
			"rotation": {"angle": 0, "axis": "y", "origin": [7, 1, 7]},
			"faces": {
				"north": {"uv": [0, 0, 2, 0], "texture": "#5"},
				"east": {"uv": [0, 0, 2, 0], "texture": "#5"},
				"south": {"uv": [0, 0, 2, 0], "texture": "#5"},
				"west": {"uv": [0, 0, 2, 0], "texture": "#5"},
				"up": {"uv": [0, 0, 16, 16], "texture": "#5"},
				"down": {"uv": [0, 0, 16, 16], "texture": "#5"}
			}
		},
		{
			"from": [-0.4, 2, 1],
			"to": [15.6, 2, 17],
			"rotation": {"angle": 45, "axis": "y", "origin": [6.6, 1, 8]},
			"faces": {
				"north": {"uv": [0, 0, 2, 0], "texture": "#5"},
				"east": {"uv": [0, 0, 2, 0], "texture": "#5"},
				"south": {"uv": [0, 0, 2, 0], "texture": "#5"},
				"west": {"uv": [0, 0, 2, 0], "texture": "#5"},
				"up": {"uv": [0, 0, 16, 16], "texture": "#5"},
				"down": {"uv": [0, 0, 16, 16], "texture": "#5"}
			}
		}
	],
	"display": {
		"head": {
			"translation": [0, -17.75, 0],
			"scale": [1.51953, 1.51953, 1.51953]
		}
	}
}