{
	"format_version": "1.21.6",
	"credit": "Made with Blockbench",
	"textures": {
		"0": "item/attacks/jumpprojectile",
		"particle": "item/attacks/jumpprojectile"
	},
	"elements": [
		{
			"from": [2, 0, 2],
			"to": [14, 8, 14],
			"rotation": {"angle": 0, "axis": "y", "origin": [7, 3, 7]},
			"faces": {
				"north": {"uv": [0, 0, 16, 16], "texture": "#0"},
				"east": {"uv": [0, 0, 16, 16], "texture": "#0"},
				"south": {"uv": [0, 0, 16, 16], "texture": "#0"},
				"west": {"uv": [0, 0, 16, 16], "texture": "#0"},
				"up": {"uv": [0, 0, 16, 16], "texture": "#0"},
				"down": {"uv": [0, 0, 16, 16], "texture": "#0"}
			}
		}
	]
}