{
	"format_version": "1.9.0",
	"credit": "Made with Blockbench",
	"texture_size": [64, 64],
	"textures": {
		"1": "item/misc/batteryfix"
	},
	"elements": [
		{
			"from": [1, -4, -3],
			"to": [15, 15, -2],
			"faces": {
				"north": {"uv": [4, 0, 7.5, 3.75], "texture": "#1"},
				"east": {"uv": [8, 7.25, 8.25, 11], "texture": "#1"},
				"south": {"uv": [4, 3.75, 7.5, 7.5], "texture": "#1"},
				"west": {"uv": [8.25, 7.25, 8.5, 11], "texture": "#1"},
				"up": {"uv": [3.5, 8.75, 0, 8.5], "texture": "#1"},
				"down": {"uv": [12, 1, 8.5, 1.25], "texture": "#1"}
			}
		},
		{
			"from": [8.5, 5.25, -3.5],
			"to": [14, 11.25, -3],
			"rotation": {"angle": 0, "axis": "y", "origin": [6.5, -2.75, -1]},
			"faces": {
				"north": {"uv": [7.5, 4.75, 9, 6], "texture": "#1"},
				"east": {"uv": [3.5, 8.5, 3.75, 9.75], "texture": "#1"},
				"south": {"uv": [5, 7.5, 6.5, 8.75], "texture": "#1"},
				"west": {"uv": [3.75, 8.5, 4, 9.75], "texture": "#1"},
				"up": {"uv": [3, 9, 1.5, 8.75], "texture": "#1"},
				"down": {"uv": [6.5, 8.75, 5, 9], "texture": "#1"}
			}
		},
		{
			"from": [2, 5.25, -3.25],
			"to": [7.5, 11.25, -2.75],
			"rotation": {"angle": 0, "axis": "y", "origin": [0, -2.75, -0.75]},
			"faces": {
				"north": {"uv": [7.5, 6, 9, 7.25], "texture": "#1"},
				"east": {"uv": [3, 8.75, 3.25, 10], "texture": "#1"},
				"south": {"uv": [6.5, 7.5, 8, 8.75], "texture": "#1"},
				"west": {"uv": [3.25, 8.75, 3.5, 10], "texture": "#1"},
				"up": {"uv": [8, 9, 6.5, 8.75], "texture": "#1"},
				"down": {"uv": [10, 8.75, 8.5, 9], "texture": "#1"}
			}
		},
		{
			"from": [2, 12, -3.25],
			"to": [7.5, 14, -2.75],
			"rotation": {"angle": 0, "axis": "y", "origin": [0, 0, -0.75]},
			"faces": {
				"north": {"uv": [8.5, 1.25, 10, 1.75], "texture": "#1"},
				"east": {"uv": [2.25, 9.25, 2.5, 9.75], "texture": "#1"},
				"south": {"uv": [8.5, 1.75, 10, 2.25], "texture": "#1"},
				"west": {"uv": [2.5, 9.25, 2.75, 9.75], "texture": "#1"},
				"up": {"uv": [3, 9.25, 1.5, 9], "texture": "#1"},
				"down": {"uv": [10.5, 4.75, 9, 5], "texture": "#1"}
			}
		},
		{
			"from": [8.5, 12, -3.25],
			"to": [14, 14, -2.75],
			"rotation": {"angle": 0, "axis": "y", "origin": [5, 0, -0.75]},
			"faces": {
				"north": {"uv": [8.5, 2.25, 10, 2.75], "texture": "#1"},
				"east": {"uv": [2.75, 9.25, 3, 9.75], "texture": "#1"},
				"south": {"uv": [8.5, 2.75, 10, 3.25], "texture": "#1"},
				"west": {"uv": [9.25, 3.25, 9.5, 3.75], "texture": "#1"},
				"up": {"uv": [6.5, 9.25, 5, 9], "texture": "#1"},
				"down": {"uv": [10.5, 5, 9, 5.25], "texture": "#1"}
			}
		},
		{
			"from": [12.25, 7.1, -3.7],
			"to": [13.25, 8.1, -3.2],
			"rotation": {"angle": 0, "axis": "y", "origin": [9.25, -4.9, -1.2]},
			"faces": {
				"north": {"uv": [5, 9.25, 5.25, 9.5], "texture": "#1"},
				"east": {"uv": [5.25, 9.25, 5.5, 9.5], "texture": "#1"},
				"south": {"uv": [5.5, 9.25, 5.75, 9.5], "texture": "#1"},
				"west": {"uv": [5.75, 9.25, 6, 9.5], "texture": "#1"},
				"up": {"uv": [6.25, 9.5, 6, 9.25], "texture": "#1"},
				"down": {"uv": [6.5, 9.25, 6.25, 9.5], "texture": "#1"}
			}
		},
		{
			"from": [10.75, 7.1, -3.7],
			"to": [11.75, 8.1, -3.2],
			"rotation": {"angle": 0, "axis": "y", "origin": [7.75, -4.9, -1.2]},
			"faces": {
				"north": {"uv": [6.5, 9.25, 6.75, 9.5], "texture": "#1"},
				"east": {"uv": [6.75, 9.25, 7, 9.5], "texture": "#1"},
				"south": {"uv": [7, 9.25, 7.25, 9.5], "texture": "#1"},
				"west": {"uv": [7.25, 9.25, 7.5, 9.5], "texture": "#1"},
				"up": {"uv": [9.5, 7.5, 9.25, 7.25], "texture": "#1"},
				"down": {"uv": [7.75, 9.25, 7.5, 9.5], "texture": "#1"}
			}
		},
		{
			"from": [12.25, 8.35, -3.7],
			"to": [13.25, 9.35, -3.2],
			"rotation": {"angle": 0, "axis": "y", "origin": [9.25, -3.65, -1.2]},
			"faces": {
				"north": {"uv": [9.25, 7.5, 9.5, 7.75], "texture": "#1"},
				"east": {"uv": [7.75, 9.25, 8, 9.5], "texture": "#1"},
				"south": {"uv": [9.25, 7.75, 9.5, 8], "texture": "#1"},
				"west": {"uv": [9.25, 8, 9.5, 8.25], "texture": "#1"},
				"up": {"uv": [9.5, 8.5, 9.25, 8.25], "texture": "#1"},
				"down": {"uv": [8.75, 9.25, 8.5, 9.5], "texture": "#1"}
			}
		},
		{
			"from": [10.75, 8.35, -3.7],
			"to": [11.75, 9.35, -3.2],
			"rotation": {"angle": 0, "axis": "y", "origin": [7.75, -3.65, -1.2]},
			"faces": {
				"north": {"uv": [9.25, 8.5, 9.5, 8.75], "texture": "#1"},
				"east": {"uv": [8.75, 9.25, 9, 9.5], "texture": "#1"},
				"south": {"uv": [9, 9.25, 9.25, 9.5], "texture": "#1"},
				"west": {"uv": [9.25, 9, 9.5, 9.25], "texture": "#1"},
				"up": {"uv": [9.5, 9.5, 9.25, 9.25], "texture": "#1"},
				"down": {"uv": [0.25, 9.5, 0, 9.75], "texture": "#1"}
			}
		},
		{
			"from": [12.25, 9.6, -3.7],
			"to": [13.25, 10.6, -3.2],
			"rotation": {"angle": 0, "axis": "y", "origin": [9.25, -2.4, -1.2]},
			"faces": {
				"north": {"uv": [7.5, 7.25, 7.75, 7.5], "texture": "#1"},
				"east": {"uv": [7.75, 7.25, 8, 7.5], "texture": "#1"},
				"south": {"uv": [9.25, 3.75, 9.5, 4], "texture": "#1"},
				"west": {"uv": [9.25, 4, 9.5, 4.25], "texture": "#1"},
				"up": {"uv": [9.5, 4.5, 9.25, 4.25], "texture": "#1"},
				"down": {"uv": [9.5, 4.5, 9.25, 4.75], "texture": "#1"}
			}
		},
		{
			"from": [9.25, 8.35, -3.7],
			"to": [10.25, 9.35, -3.2],
			"rotation": {"angle": 0, "axis": "y", "origin": [6.25, -3.65, -1.2]},
			"faces": {
				"north": {"uv": [0.25, 9.5, 0.5, 9.75], "texture": "#1"},
				"east": {"uv": [0.5, 9.5, 0.75, 9.75], "texture": "#1"},
				"south": {"uv": [0.75, 9.5, 1, 9.75], "texture": "#1"},
				"west": {"uv": [1, 9.5, 1.25, 9.75], "texture": "#1"},
				"up": {"uv": [1.5, 9.75, 1.25, 9.5], "texture": "#1"},
				"down": {"uv": [1.75, 9.5, 1.5, 9.75], "texture": "#1"}
			}
		},
		{
			"from": [10.75, 9.6, -3.7],
			"to": [11.75, 10.6, -3.2],
			"rotation": {"angle": 0, "axis": "y", "origin": [7.75, -2.4, -1.2]},
			"faces": {
				"north": {"uv": [1.75, 9.5, 2, 9.75], "texture": "#1"},
				"east": {"uv": [2, 9.5, 2.25, 9.75], "texture": "#1"},
				"south": {"uv": [9.5, 3.25, 9.75, 3.5], "texture": "#1"},
				"west": {"uv": [9.5, 3.5, 9.75, 3.75], "texture": "#1"},
				"up": {"uv": [9.75, 4, 9.5, 3.75], "texture": "#1"},
				"down": {"uv": [9.75, 4, 9.5, 4.25], "texture": "#1"}
			}
		},
		{
			"from": [9.25, 7.1, -3.7],
			"to": [10.25, 8.1, -3.2],
			"rotation": {"angle": 0, "axis": "y", "origin": [6.25, -4.9, -1.2]},
			"faces": {
				"north": {"uv": [9.5, 4.25, 9.75, 4.5], "texture": "#1"},
				"east": {"uv": [9.5, 4.5, 9.75, 4.75], "texture": "#1"},
				"south": {"uv": [5, 9.5, 5.25, 9.75], "texture": "#1"},
				"west": {"uv": [5.25, 9.5, 5.5, 9.75], "texture": "#1"},
				"up": {"uv": [5.75, 9.75, 5.5, 9.5], "texture": "#1"},
				"down": {"uv": [6, 9.5, 5.75, 9.75], "texture": "#1"}
			}
		},
		{
			"from": [9.25, 5.8, -3.7],
			"to": [10.25, 6.8, -3.2],
			"rotation": {"angle": 0, "axis": "y", "origin": [6.25, -6.2, -1.2]},
			"faces": {
				"north": {"uv": [9.5, 4.25, 9.75, 4.5], "texture": "#1"},
				"east": {"uv": [9.5, 4.5, 9.75, 4.75], "texture": "#1"},
				"south": {"uv": [5, 9.5, 5.25, 9.75], "texture": "#1"},
				"west": {"uv": [5.25, 9.5, 5.5, 9.75], "texture": "#1"},
				"up": {"uv": [5.75, 9.75, 5.5, 9.5], "texture": "#1"},
				"down": {"uv": [6, 9.5, 5.75, 9.75], "texture": "#1"}
			}
		},
		{
			"from": [10.75, 5.8, -3.7],
			"to": [11.75, 6.8, -3.2],
			"rotation": {"angle": 0, "axis": "y", "origin": [7.75, -6.2, -1.2]},
			"faces": {
				"north": {"uv": [9.5, 4.25, 9.75, 4.5], "texture": "#1"},
				"east": {"uv": [9.5, 4.5, 9.75, 4.75], "texture": "#1"},
				"south": {"uv": [5, 9.5, 5.25, 9.75], "texture": "#1"},
				"west": {"uv": [5.25, 9.5, 5.5, 9.75], "texture": "#1"},
				"up": {"uv": [5.75, 9.75, 5.5, 9.5], "texture": "#1"},
				"down": {"uv": [6, 9.5, 5.75, 9.75], "texture": "#1"}
			}
		},
		{
			"from": [12.25, 5.8, -3.7],
			"to": [13.25, 6.8, -3.2],
			"rotation": {"angle": 0, "axis": "y", "origin": [9.25, -6.2, -1.2]},
			"faces": {
				"north": {"uv": [9.5, 4.25, 9.75, 4.5], "texture": "#1"},
				"east": {"uv": [9.5, 4.5, 9.75, 4.75], "texture": "#1"},
				"south": {"uv": [5, 9.5, 5.25, 9.75], "texture": "#1"},
				"west": {"uv": [5.25, 9.5, 5.5, 9.75], "texture": "#1"},
				"up": {"uv": [5.75, 9.75, 5.5, 9.5], "texture": "#1"},
				"down": {"uv": [6, 9.5, 5.75, 9.75], "texture": "#1"}
			}
		},
		{
			"from": [9.25, 9.6, -3.7],
			"to": [10.25, 10.6, -3.2],
			"rotation": {"angle": 0, "axis": "y", "origin": [6.25, -2.4, -1.2]},
			"faces": {
				"north": {"uv": [6, 9.5, 6.25, 9.75], "texture": "#1"},
				"east": {"uv": [6.25, 9.5, 6.5, 9.75], "texture": "#1"},
				"south": {"uv": [6.5, 9.5, 6.75, 9.75], "texture": "#1"},
				"west": {"uv": [6.75, 9.5, 7, 9.75], "texture": "#1"},
				"up": {"uv": [7.25, 9.75, 7, 9.5], "texture": "#1"},
				"down": {"uv": [7.5, 9.5, 7.25, 9.75], "texture": "#1"}
			}
		},
		{
			"from": [6.5, 15, -2],
			"to": [9.5, 16, 1],
			"rotation": {"angle": 0, "axis": "y", "origin": [5.5, 0, 0]},
			"faces": {
				"north": {"uv": [9, 5.25, 9.75, 5.5], "texture": "#1"},
				"east": {"uv": [9, 5.5, 9.75, 5.75], "texture": "#1"},
				"south": {"uv": [9, 5.75, 9.75, 6], "texture": "#1"},
				"west": {"uv": [9, 6, 9.75, 6.25], "texture": "#1"},
				"up": {"uv": [9.25, 4, 8.5, 3.25], "texture": "#1"},
				"down": {"uv": [9.25, 4, 8.5, 4.75], "texture": "#1"}
			}
		},
		{
			"from": [12, 15, -2],
			"to": [15, 16, 1],
			"rotation": {"angle": 0, "axis": "y", "origin": [11, 0, 0]},
			"faces": {
				"north": {"uv": [9, 6.25, 9.75, 6.5], "texture": "#1"},
				"east": {"uv": [6.5, 9, 7.25, 9.25], "texture": "#1"},
				"south": {"uv": [9, 6.5, 9.75, 6.75], "texture": "#1"},
				"west": {"uv": [9, 6.75, 9.75, 7], "texture": "#1"},
				"up": {"uv": [9.25, 8, 8.5, 7.25], "texture": "#1"},
				"down": {"uv": [9.25, 8, 8.5, 8.75], "texture": "#1"}
			}
		},
		{
			"from": [1, 15, -2],
			"to": [4, 16, 1],
			"faces": {
				"north": {"uv": [9, 7, 9.75, 7.25], "texture": "#1"},
				"east": {"uv": [7.25, 9, 8, 9.25], "texture": "#1"},
				"south": {"uv": [8.5, 9, 9.25, 9.25], "texture": "#1"},
				"west": {"uv": [1.5, 9.25, 2.25, 9.5], "texture": "#1"},
				"up": {"uv": [0.75, 9.5, 0, 8.75], "texture": "#1"},
				"down": {"uv": [1.5, 8.75, 0.75, 9.5], "texture": "#1"}
			}
		},
		{
			"from": [0, -4, -2],
			"to": [16, 15, 2],
			"faces": {
				"north": {"uv": [0, 0, 4, 3.75], "texture": "#1"},
				"east": {"uv": [7.5, 1, 8.5, 4.75], "texture": "#1"},
				"south": {"uv": [0, 3.75, 4, 7.5], "texture": "#1"},
				"west": {"uv": [4, 7.5, 5, 11.25], "texture": "#1"},
				"up": {"uv": [4, 8.5, 0, 7.5], "texture": "#1"},
				"down": {"uv": [11.5, 0, 7.5, 1], "texture": "#1"}
			}
		}
	],
	"groups": [
		0,
		{
			"name": "2nd",
			"origin": [6.5, -3, -1],
			"color": 0,
			"children": [1, 2, 3, 4]
		},
		{
			"name": "buttons",
			"origin": [9.25, -5.25, -1.5],
			"color": 0,
			"children": [5, 6, 7, 8, 9, 10, 11, 12, 13, 14, 15, 16]
		},
		{
			"name": "top",
			"origin": [5.5, 0, 0],
			"color": 0,
			"children": [17, 18, 19]
		},
		20,
		{
			"name": "aaa",
			"origin": [8, 8, 8],
			"color": 0,
			"children": []
		},
		{
			"name": "bbb",
			"origin": [8, 8, 8],
			"color": 0,
			"children": []
		}
	]
}