{
	"format_version": "1.21.6",
	"credit": "Made with Blockbench",
	"texture_size": [64, 64],
	"textures": {
		"1": "item/misc/ammobox",
		"2": "item/misc/coildepleted",
		"particle": "item/misc/ammobox"
	},
	"elements": [
		{
			"from": [2, 4, 1],
			"to": [14, 13, 3],
			"rotation": {"angle": 0, "axis": "z", "origin": [8, 7.5, 2]},
			"faces": {
				"north": {"uv": [0, 0, 16, 16], "texture": "#2"},
				"east": {"uv": [0, 0, 16, 16], "rotation": 90, "texture": "#2"},
				"south": {"uv": [0, 0, 16, 16], "rotation": 180, "texture": "#2"},
				"west": {"uv": [0, 0, 16, 16], "rotation": 270, "texture": "#2"},
				"up": {"uv": [0, 0, 16, 16], "texture": "#2"},
				"down": {"uv": [0, 0, 16, 16], "rotation": 180, "texture": "#2"}
			}
		},
		{
			"from": [2, 4, 14],
			"to": [14, 13, 16],
			"rotation": {"angle": 0, "axis": "z", "origin": [8, 7.5, 15]},
			"faces": {
				"north": {"uv": [8, 4.5, 11, 6.75], "texture": "#1"},
				"east": {"uv": [7.5, 11, 8, 13.25], "texture": "#1"},
				"south": {"uv": [8, 6.75, 11, 9], "texture": "#1"},
				"west": {"uv": [8, 11, 8.5, 13.25], "texture": "#1"},
				"up": {"uv": [14, 5.5, 11, 5], "texture": "#1"},
				"down": {"uv": [14, 5.5, 11, 6], "texture": "#1"}
			}
		},
		{
			"from": [0, 13, 0],
			"to": [16, 15, 16],
			"rotation": {"angle": 0, "axis": "z", "origin": [8, 14, 6]},
			"faces": {
				"north": {"uv": [8, 9, 12, 9.5], "texture": "#1"},
				"east": {"uv": [8, 9.5, 12, 10], "texture": "#1"},
				"south": {"uv": [8, 10, 12, 10.5], "texture": "#1"},
				"west": {"uv": [0, 10.25, 4, 10.75], "texture": "#1"},
				"up": {"uv": [4, 4, 0, 0], "texture": "#1"},
				"down": {"uv": [4, 4, 0, 8], "texture": "#1"}
			}
		},
		{
			"from": [0, 2, 0],
			"to": [16, 4, 16],
			"rotation": {"angle": 0, "axis": "z", "origin": [8, 3, 6]},
			"faces": {
				"north": {"uv": [6, 10.5, 10, 11], "texture": "#1"},
				"east": {"uv": [10, 10.5, 14, 11], "texture": "#1"},
				"south": {"uv": [0, 10.75, 4, 11.25], "texture": "#1"},
				"west": {"uv": [11, 4.5, 15, 5], "texture": "#1"},
				"up": {"uv": [8, 4, 4, 0], "texture": "#1"},
				"down": {"uv": [8, 4, 4, 8], "texture": "#1"}
			}
		},
		{
			"from": [0, 4, 0],
			"to": [2, 13, 16],
			"rotation": {"angle": 0, "axis": "y", "origin": [1, 7.5, 6]},
			"faces": {
				"north": {"uv": [6.5, 11, 7, 13.25], "texture": "#1"},
				"east": {"uv": [8, 2.25, 12, 4.5], "texture": "#1"},
				"south": {"uv": [7, 11, 7.5, 13.25], "texture": "#1"},
				"west": {"uv": [4, 8, 8, 10.25], "texture": "#1"},
				"up": {"uv": [5.5, 14.25, 5, 10.25], "texture": "#1"},
				"down": {"uv": [6, 10.25, 5.5, 14.25], "texture": "#1"}
			}
		},
		{
			"from": [14, 4, 0],
			"to": [16, 13, 16],
			"rotation": {"angle": 0, "axis": "y", "origin": [15, 7.5, 6]},
			"faces": {
				"north": {"uv": [6, 11, 6.5, 13.25], "texture": "#1"},
				"east": {"uv": [0, 8, 4, 10.25], "texture": "#1"},
				"south": {"uv": [11, 6, 11.5, 8.25], "texture": "#1"},
				"west": {"uv": [8, 0, 12, 2.25], "texture": "#1"},
				"up": {"uv": [4.5, 14.25, 4, 10.25], "texture": "#1"},
				"down": {"uv": [5, 10.25, 4.5, 14.25], "texture": "#1"}
			}
		}
	],
	"display": {}
}