{
	"format_version": "1.9.0",
	"credit": "Made with Blockbench",
	"texture_size": [64, 64],
	"textures": {
		"0": "item/misc/junctionbox",
		"particle": "item/misc/junctionbox"
	},
	"elements": [
		{
			"from": [0, 0, 0],
			"to": [16, 6, 6],
			"faces": {
				"north": {"uv": [5.5, 3, 9.5, 4.5], "texture": "#0"},
				"east": {"uv": [9.5, 5, 11, 6.5], "texture": "#0"},
				"south": {"uv": [5.5, 4.5, 9.5, 6], "texture": "#0"},
				"west": {"uv": [9.5, 6.5, 11, 8], "texture": "#0"},
				"up": {"uv": [9.5, 7.5, 5.5, 6], "texture": "#0"},
				"down": {"uv": [9.5, 7.5, 5.5, 9], "texture": "#0"}
			}
		},
		{
			"from": [1, 1, -0.05],
			"to": [15, 5, 0],
			"rotation": {"angle": 0, "axis": "y", "origin": [0, 0, -6.25]},
			"faces": {
				"north": {"uv": [8, 9, 11.5, 10], "texture": "#0"},
				"east": {"uv": [8, 10, 8.25, 11], "texture": "#0"},
				"south": {"uv": [0, 9.5, 3.5, 10.5], "texture": "#0"},
				"west": {"uv": [8.25, 10, 8.5, 11], "texture": "#0"},
				"up": {"uv": [13, 8.75, 9.5, 8.5], "texture": "#0"},
				"down": {"uv": [13, 8.75, 9.5, 9], "texture": "#0"}
			}
		},
		{
			"from": [0, 6.25, 0],
			"to": [16, 22, 6],
			"rotation": {"angle": 0, "axis": "y", "origin": [0, 6, 0]},
			"faces": {
				"north": {"uv": [0, 0, 4, 4], "texture": "#0"},
				"east": {"uv": [4, 0, 5.5, 4], "texture": "#0"},
				"south": {"uv": [0, 4, 4, 8], "texture": "#0"},
				"west": {"uv": [4, 4, 5.5, 8], "texture": "#0"},
				"up": {"uv": [9.5, 1.5, 5.5, 0], "texture": "#0"},
				"down": {"uv": [9.5, 1.5, 5.5, 3], "texture": "#0"}
			}
		},
		{
			"from": [2, 9.25, -0.1],
			"to": [6, 19, 0],
			"rotation": {"angle": 0, "axis": "y", "origin": [0, 6, -6]},
			"faces": {
				"north": {"uv": [9.5, 0, 10.5, 2.5], "texture": "#0"},
				"east": {"uv": [3.5, 9.5, 3.75, 12], "texture": "#0"},
				"south": {"uv": [9.5, 2.5, 10.5, 5], "texture": "#0"},
				"west": {"uv": [3.75, 9.5, 4, 12], "texture": "#0"},
				"up": {"uv": [5, 8.75, 4, 8.5], "texture": "#0"},
				"down": {"uv": [5, 8.75, 4, 9], "texture": "#0"}
			}
		},
		{
			"from": [0.25, 6, 0],
			"to": [15.75, 6.25, 6],
			"rotation": {"angle": 0, "axis": "y", "origin": [0, 5, 0]},
			"faces": {
				"north": {"uv": [9.5, 8, 13.5, 8.25], "texture": "#0"},
				"east": {"uv": [4, 8, 5.5, 8.25], "texture": "#0"},
				"south": {"uv": [9.5, 8.25, 13.5, 8.5], "texture": "#0"},
				"west": {"uv": [4, 8.25, 5.5, 8.5], "texture": "#0"},
				"up": {"uv": [4, 9.5, 0, 8], "texture": "#0"},
				"down": {"uv": [8, 9, 4, 10.5], "texture": "#0"}
			}
		}
	]
}