{
	"format_version": "1.9.0",
	"credit": "Made with Blockbench",
	"texture_size": [64, 64],
	"textures": {
		"0": "texture213",
		"particle": "texture213"
	},
	"elements": [
		{
			"from": [2, 0, -3],
			"to": [4, 17, 19],
			"faces": {
				"north": {"uv": [4, 8.5, 4.5, 12.75], "texture": "#0"},
				"east": {"uv": [0, 0, 5.5, 4.25], "texture": "#0"},
				"south": {"uv": [4.5, 8.5, 5, 12.75], "texture": "#0"},
				"west": {"uv": [0, 4.25, 5.5, 8.5], "texture": "#0"},
				"up": {"uv": [6, 13, 5.5, 7.5], "texture": "#0"},
				"down": {"uv": [6.5, 7.5, 6, 13], "texture": "#0"}
			}
		},
		{
			"from": [0, 0, 18],
			"to": [2, 17, 19],
			"rotation": {"angle": 0, "axis": "y", "origin": [-2, 0, 0]},
			"faces": {
				"north": {"uv": [3, 8.5, 3.5, 12.75], "texture": "#0"},
				"east": {"uv": [8, 8.5, 8.25, 12.75], "texture": "#0"},
				"south": {"uv": [3.5, 8.5, 4, 12.75], "texture": "#0"},
				"west": {"uv": [8.25, 8.5, 8.5, 12.75], "texture": "#0"},
				"up": {"uv": [10, 9.75, 9.5, 9.5], "texture": "#0"},
				"down": {"uv": [10, 9.75, 9.5, 10], "texture": "#0"}
			}
		},
		{
			"from": [0, 15, -2],
			"to": [2, 17, 18],
			"rotation": {"angle": 0, "axis": "y", "origin": [-2, 0, -21]},
			"faces": {
				"north": {"uv": [9.5, 8.5, 10, 9], "texture": "#0"},
				"east": {"uv": [6.5, 7.5, 11.5, 8], "texture": "#0"},
				"south": {"uv": [9.5, 9, 10, 9.5], "texture": "#0"},
				"west": {"uv": [6.5, 8, 11.5, 8.5], "texture": "#0"},
				"up": {"uv": [0.5, 13.5, 0, 8.5], "texture": "#0"},
				"down": {"uv": [1, 8.5, 0.5, 13.5], "texture": "#0"}
			}
		},
		{
			"from": [0, 0, -2],
			"to": [2, 3, 18],
			"rotation": {"angle": 0, "axis": "y", "origin": [-2, -15, -21]},
			"faces": {
				"north": {"uv": [9, 8.5, 9.5, 9.25], "texture": "#0"},
				"east": {"uv": [5.5, 6, 10.5, 6.75], "texture": "#0"},
				"south": {"uv": [9, 9.25, 9.5, 10], "texture": "#0"},
				"west": {"uv": [5.5, 6.75, 10.5, 7.5], "texture": "#0"},
				"up": {"uv": [1.5, 13.5, 1, 8.5], "texture": "#0"},
				"down": {"uv": [2, 8.5, 1.5, 13.5], "texture": "#0"}
			}
		},
		{
			"from": [0.5, 3, -2],
			"to": [2, 15, 18],
			"rotation": {"angle": 0, "axis": "y", "origin": [-2, -10, -21]},
			"faces": {
				"north": {"uv": [7, 8.5, 7.5, 11.5], "texture": "#0"},
				"east": {"uv": [5.5, 0, 10.5, 3], "texture": "#0"},
				"south": {"uv": [7.5, 8.5, 8, 11.5], "texture": "#0"},
				"west": {"uv": [5.5, 3, 10.5, 6], "texture": "#0"},
				"up": {"uv": [2.5, 13.5, 2, 8.5], "texture": "#0"},
				"down": {"uv": [3, 8.5, 2.5, 13.5], "texture": "#0"}
			}
		},
		{
			"from": [0, 0, -3],
			"to": [2, 17, -2],
			"rotation": {"angle": 0, "axis": "y", "origin": [-2, 0, -21]},
			"faces": {
				"north": {"uv": [5, 8.5, 5.5, 12.75], "texture": "#0"},
				"east": {"uv": [8.5, 8.5, 8.75, 12.75], "texture": "#0"},
				"south": {"uv": [6.5, 8.5, 7, 12.75], "texture": "#0"},
				"west": {"uv": [8.75, 8.5, 9, 12.75], "texture": "#0"},
				"up": {"uv": [10.5, 8.75, 10, 8.5], "texture": "#0"},
				"down": {"uv": [10.5, 8.75, 10, 9], "texture": "#0"}
			}
		}
	]
}