{
	"format_version": "1.9.0",
	"credit": "Made with Blockbench",
	"ambientocclusion": false,
	"texture_size": [128, 128],
	"textures": {
		"0": "item/misc/terminalnokb",
		"particle": "item/misc/terminalnokb"
	},
	"elements": [
		{
			"from": [14.25, 10, -16],
			"to": [14.75, 29, 32],
			"rotation": {"angle": 0, "axis": "y", "origin": [13.25, 12, -16]},
			"faces": {
				"north": {"uv": [1.875, 10.375, 2, 12.75], "texture": "#0"},
				"east": {"uv": [0, 0, 6, 2.375], "texture": "#0"},
				"south": {"uv": [2, 10.375, 2.125, 12.75], "texture": "#0"},
				"west": {"uv": [0, 2.375, 6, 4.75], "texture": "#0"},
				"up": {"uv": [9.5, 14.5, 9.375, 8.5], "texture": "#0"},
				"down": {"uv": [9.625, 8.5, 9.5, 14.5], "texture": "#0"}
			}
		},
		{
			"from": [11.75, 29, -16],
			"to": [14.75, 32, 32],
			"rotation": {"angle": 0, "axis": "y", "origin": [12.75, 29, 0]},
			"faces": {
				"north": {"uv": [10.625, 2.625, 11, 3], "texture": "#0"},
				"east": {"uv": [8, 3.625, 14, 4], "texture": "#0"},
				"south": {"uv": [9, 10.875, 9.375, 11.25], "texture": "#0"},
				"west": {"uv": [6, 8.125, 12, 8.5], "texture": "#0"},
				"up": {"uv": [0.375, 14.375, 0, 8.375], "texture": "#0"},
				"down": {"uv": [0.75, 8.375, 0.375, 14.375], "texture": "#0"}
			}
		},
		{
			"from": [11.75, 10, -16],
			"to": [14.25, 29, -13],
			"rotation": {"angle": 0, "axis": "y", "origin": [12.25, 27, -16]},
			"faces": {
				"north": {"uv": [7.875, 9, 8.25, 11.375], "texture": "#0"},
				"east": {"uv": [8.25, 9, 8.625, 11.375], "texture": "#0"},
				"south": {"uv": [9, 8.5, 9.375, 10.875], "texture": "#0"},
				"west": {"uv": [8.625, 9, 9, 11.375], "texture": "#0"},
				"up": {"uv": [11.25, 10.125, 10.875, 9.75], "texture": "#0"},
				"down": {"uv": [11.25, 10.125, 10.875, 10.5], "texture": "#0"}
			}
		},
		{
			"from": [11.75, 21, 30.25],
			"to": [14.25, 29, 32],
			"rotation": {"angle": 0, "axis": "y", "origin": [12.25, 27, 29]},
			"faces": {
				"north": {"uv": [7.5, 10.125, 7.875, 11.125], "texture": "#0"},
				"east": {"uv": [3.125, 10.375, 3.375, 11.375], "texture": "#0"},
				"south": {"uv": [9.625, 10.125, 10, 11.125], "texture": "#0"},
				"west": {"uv": [10.375, 10.125, 10.625, 11.125], "texture": "#0"},
				"up": {"uv": [9.625, 2.5, 9.25, 2.25], "texture": "#0"},
				"down": {"uv": [9.875, 6.75, 9.5, 7], "texture": "#0"}
			}
		},
		{
			"from": [11.75, 21, 14],
			"to": [14.25, 29, 15.75],
			"rotation": {"angle": 0, "axis": "y", "origin": [12.25, 27, 12.75]},
			"faces": {
				"north": {"uv": [10, 10.125, 10.375, 11.125], "texture": "#0"},
				"east": {"uv": [4.875, 10.5, 5.125, 11.5], "texture": "#0"},
				"south": {"uv": [10.25, 2.25, 10.625, 3.25], "texture": "#0"},
				"west": {"uv": [5.125, 10.5, 5.375, 11.5], "texture": "#0"},
				"up": {"uv": [10, 2.5, 9.625, 2.25], "texture": "#0"},
				"down": {"uv": [10.5, 7.875, 10.125, 8.125], "texture": "#0"}
			}
		},
		{
			"from": [11.75, 12, 14],
			"to": [14.25, 21, 32],
			"rotation": {"angle": 0, "axis": "y", "origin": [12.25, 18, 29]},
			"faces": {
				"north": {"uv": [10.125, 6.75, 10.5, 7.875], "texture": "#0"},
				"east": {"uv": [6, 7, 8.25, 8.125], "texture": "#0"},
				"south": {"uv": [7.125, 10.125, 7.5, 11.25], "texture": "#0"},
				"west": {"uv": [8, 2.5, 10.25, 3.625], "texture": "#0"},
				"up": {"uv": [9.625, 2.25, 9.25, 0], "texture": "#0"},
				"down": {"uv": [1.875, 9.375, 1.5, 11.625], "texture": "#0"}
			}
		},
		{
			"from": [11.75, 10, -13],
			"to": [14.25, 12, 32],
			"rotation": {"angle": 0, "axis": "x", "origin": [12.25, 13, 4]},
			"faces": {
				"north": {"uv": [8.75, 6.75, 9.125, 7], "texture": "#0"},
				"east": {"uv": [3.375, 8.5, 9, 8.75], "texture": "#0"},
				"south": {"uv": [9.125, 6.75, 9.5, 7], "texture": "#0"},
				"west": {"uv": [3.375, 8.75, 9, 9], "texture": "#0"},
				"up": {"uv": [1.125, 14, 0.75, 8.375], "texture": "#0"},
				"down": {"uv": [1.5, 8.375, 1.125, 14], "texture": "#0"}
			}
		},
		{
			"from": [13, 12, -13],
			"to": [13.5, 29, 14],
			"rotation": {"angle": 0, "axis": "y", "origin": [13, 21, 0]},
			"faces": {
				"north": {"uv": [2.875, 10.375, 3, 12.5], "texture": "#0"},
				"east": {"uv": [0, 4.75, 3.375, 6.875], "texture": "#0"},
				"south": {"uv": [3, 10.375, 3.125, 12.5], "texture": "#0"},
				"west": {"uv": [3.375, 4.75, 6.75, 6.875], "texture": "#0"},
				"up": {"uv": [7, 13.5, 6.875, 10.125], "texture": "#0"},
				"down": {"uv": [7.125, 10.125, 7, 13.5], "texture": "#0"}
			}
		},
		{
			"from": [13, 21, 15.75],
			"to": [13.5, 29, 30.25],
			"rotation": {"angle": 0, "axis": "y", "origin": [13, 21, 18]},
			"faces": {
				"north": {"uv": [11, 2.625, 11.125, 3.625], "texture": "#0"},
				"east": {"uv": [8.25, 7, 10.125, 8], "texture": "#0"},
				"south": {"uv": [11, 4, 11.125, 5], "texture": "#0"},
				"west": {"uv": [1.5, 8.375, 3.375, 9.375], "texture": "#0"},
				"up": {"uv": [5.5, 12.375, 5.375, 10.5], "texture": "#0"},
				"down": {"uv": [5.625, 10.5, 5.5, 12.375], "texture": "#0"}
			}
		}
	],
	"display": {
		"thirdperson_righthand": {
			"rotation": [0, 90, 90],
			"translation": [-5, 0, 0],
			"scale": [1, 1, 1.2]
		}
	}
}