{
	"format_version": "1.9.0",
	"credit": "Made with Blockbench",
	"ambientocclusion": false,
	"texture_size": [128, 128],
	"textures": {
		"0": "item/misc/terminal",
		"particle": "item/misc/terminal"
	},
	"elements": [
		{
			"from": [3.25, 4.5, 17.25],
			"to": [4, 5.25, 20.75],
			"rotation": {"angle": 45, "axis": "z", "origin": [0, -1, 2]},
			"faces": {
				"north": {"uv": [5.125, 8.375, 5.25, 8.5], "texture": "#0"},
				"east": {"uv": [6, 6.875, 6.5, 7], "texture": "#0"},
				"south": {"uv": [5.25, 8.375, 5.375, 8.5], "texture": "#0"},
				"west": {"uv": [8.25, 8, 8.75, 8.125], "texture": "#0"},
				"up": {"uv": [11.25, 2.25, 11.125, 1.75], "texture": "#0"},
				"down": {"uv": [11.25, 6.75, 11.125, 7.25], "texture": "#0"}
			}
		},
		{
			"from": [3.5, 0, 18.75],
			"to": [3.75, 5, 19.25],
			"rotation": {"angle": 45, "axis": "z", "origin": [0, -1, 2]},
			"faces": {
				"north": {"uv": [11.125, 2.625, 11.25, 3.25], "texture": "#0"},
				"east": {"uv": [11.125, 4, 11.25, 4.625], "texture": "#0"},
				"south": {"uv": [11.125, 4.625, 11.25, 5.25], "texture": "#0"},
				"west": {"uv": [11.125, 5.25, 11.25, 5.875], "texture": "#0"},
				"up": {"uv": [5.5, 8.5, 5.375, 8.375], "texture": "#0"},
				"down": {"uv": [5.625, 8.375, 5.5, 8.5], "texture": "#0"}
			}
		},
		{
			"from": [1, 2.5, 18],
			"to": [3, 4, 20],
			"rotation": {"angle": 22.5, "axis": "z", "origin": [0, -1, 2]},
			"faces": {
				"north": {"uv": [11, 7.875, 11.25, 8.125], "texture": "#0"},
				"east": {"uv": [11.125, 0.625, 11.375, 0.875], "texture": "#0"},
				"south": {"uv": [11.125, 3.25, 11.375, 3.5], "texture": "#0"},
				"west": {"uv": [11.125, 7.25, 11.375, 7.5], "texture": "#0"},
				"up": {"uv": [7.75, 11.375, 7.5, 11.125], "texture": "#0"},
				"down": {"uv": [11.375, 7.5, 11.125, 7.75], "texture": "#0"}
			}
		},
		{
			"from": [0, -1, 14],
			"to": [16, 2.5, 26],
			"rotation": {"angle": 22.5, "axis": "z", "origin": [0, -1, 2]},
			"faces": {
				"north": {"uv": [8.75, 5, 10.75, 5.5], "texture": "#0"},
				"east": {"uv": [9.625, 1.75, 11.125, 2.25], "texture": "#0"},
				"south": {"uv": [8.75, 5.5, 10.75, 6], "texture": "#0"},
				"west": {"uv": [9.625, 8.5, 11.125, 9], "texture": "#0"},
				"up": {"uv": [4, 8.375, 2, 6.875], "texture": "#0"},
				"down": {"uv": [6, 6.875, 4, 8.375], "texture": "#0"}
			}
		},
		{
			"from": [6.75, 6, 2],
			"to": [8.75, 12.5, 4],
			"rotation": {"angle": -22.5, "axis": "z", "origin": [9.75, -9.5, -10]},
			"faces": {
				"north": {"uv": [5.625, 10.5, 5.875, 11.375], "texture": "#0"},
				"east": {"uv": [5.875, 10.5, 6.125, 11.375], "texture": "#0"},
				"south": {"uv": [10.625, 10.125, 10.875, 11], "texture": "#0"},
				"west": {"uv": [2.125, 10.75, 2.375, 11.625], "texture": "#0"},
				"up": {"uv": [10.75, 8.125, 10.5, 7.875], "texture": "#0"},
				"down": {"uv": [10.875, 3, 10.625, 3.25], "texture": "#0"}
			}
		},
		{
			"from": [6.75, 6, 12],
			"to": [8.75, 12.5, 14],
			"rotation": {"angle": -22.5, "axis": "z", "origin": [9.75, -9.5, 0]},
			"faces": {
				"north": {"uv": [2.375, 10.75, 2.625, 11.625], "texture": "#0"},
				"east": {"uv": [2.625, 10.75, 2.875, 11.625], "texture": "#0"},
				"south": {"uv": [10.75, 4, 11, 4.875], "texture": "#0"},
				"west": {"uv": [10.75, 4.875, 11, 5.75], "texture": "#0"},
				"up": {"uv": [11, 6, 10.75, 5.75], "texture": "#0"},
				"down": {"uv": [11, 7.875, 10.75, 8.125], "texture": "#0"}
			}
		},
		{
			"from": [0, -1, 2],
			"to": [16, 2, 14],
			"rotation": {"angle": 22.5, "axis": "z", "origin": [0, -1, -10]},
			"faces": {
				"north": {"uv": [9.625, 1, 11.625, 1.375], "texture": "#0"},
				"east": {"uv": [4.875, 9.75, 6.375, 10.125], "texture": "#0"},
				"south": {"uv": [9.625, 1.375, 11.625, 1.75], "texture": "#0"},
				"west": {"uv": [6.375, 9.75, 7.875, 10.125], "texture": "#0"},
				"up": {"uv": [8.75, 7, 6.75, 5.5], "texture": "#0"},
				"down": {"uv": [2, 6.875, 0, 8.375], "texture": "#0"}
			}
		},
		{
			"from": [7, 1.8, 4],
			"to": [13, 1.8, 12],
			"rotation": {"angle": 22.5, "axis": "z", "origin": [-0.5, -1.2, -10]},
			"faces": {
				"north": {"uv": [0, 0, 0.75, 0], "texture": "#0"},
				"east": {"uv": [0, 0, 1, 0], "texture": "#0"},
				"south": {"uv": [0, 0, 0.75, 0], "texture": "#0"},
				"west": {"uv": [0, 0, 1, 0], "texture": "#0"},
				"up": {"uv": [2.625, 10.375, 1.875, 9.375], "texture": "#0"},
				"down": {"uv": [3.375, 9.375, 2.625, 10.375], "texture": "#0"}
			}
		},
		{
			"from": [0, -1, -10],
			"to": [16, 2.5, 2],
			"rotation": {"angle": 22.5, "axis": "z", "origin": [0, -1, -20]},
			"faces": {
				"north": {"uv": [8.75, 4, 10.75, 4.5], "texture": "#0"},
				"east": {"uv": [9.625, 0, 11.125, 0.5], "texture": "#0"},
				"south": {"uv": [8.75, 4.5, 10.75, 5], "texture": "#0"},
				"west": {"uv": [9.625, 0.5, 11.125, 1], "texture": "#0"},
				"up": {"uv": [8, 4, 6, 2.5], "texture": "#0"},
				"down": {"uv": [8.75, 4, 6.75, 5.5], "texture": "#0"}
			}
		},
		{
			"from": [5.5, 1.25, 26],
			"to": [15.5, 4.25, 32],
			"rotation": {"angle": 22.5, "axis": "z", "origin": [5.5, 1.25, 38]},
			"faces": {
				"north": {"uv": [9.625, 9.75, 10.875, 10.125], "texture": "#0"},
				"east": {"uv": [6, 4, 6.75, 4.375], "texture": "#0"},
				"south": {"uv": [10, 6, 11.25, 6.375], "texture": "#0"},
				"west": {"uv": [6, 4.375, 6.75, 4.75], "texture": "#0"},
				"up": {"uv": [10, 6.75, 8.75, 6], "texture": "#0"},
				"down": {"uv": [5.375, 9, 4.125, 9.75], "texture": "#0"}
			}
		},
		{
			"from": [5.5, 1.25, -16],
			"to": [15.5, 4.25, -10],
			"rotation": {"angle": 22.5, "axis": "z", "origin": [5.5, 1.25, -4]},
			"faces": {
				"north": {"uv": [10, 6.375, 11.25, 6.75], "texture": "#0"},
				"east": {"uv": [10.25, 3.25, 11, 3.625], "texture": "#0"},
				"south": {"uv": [4.875, 10.125, 6.125, 10.5], "texture": "#0"},
				"west": {"uv": [2.125, 10.375, 2.875, 10.75], "texture": "#0"},
				"up": {"uv": [6.625, 9.75, 5.375, 9], "texture": "#0"},
				"down": {"uv": [7.875, 9, 6.625, 9.75], "texture": "#0"}
			}
		},
		{
			"from": [5.4, 1.5, 26.5],
			"to": [5.5, 4.25, 31.5],
			"rotation": {"angle": 22.5, "axis": "z", "origin": [5.5, 1.25, 38]},
			"faces": {
				"north": {"uv": [11, 5.625, 11.125, 6], "texture": "#0"},
				"east": {"uv": [10.5, 6.75, 11.125, 7.125], "texture": "#0"},
				"south": {"uv": [10.25, 11.125, 10.375, 11.5], "texture": "#0"},
				"west": {"uv": [10.5, 7.125, 11.125, 7.5], "texture": "#0"},
				"up": {"uv": [11.125, 5.625, 11, 5], "texture": "#0"},
				"down": {"uv": [10.75, 11, 10.625, 11.625], "texture": "#0"}
			}
		},
		{
			"from": [5.4, 1.5, -15.5],
			"to": [5.5, 4.25, -10.5],
			"rotation": {"angle": 22.5, "axis": "z", "origin": [5.5, 1.25, -4]},
			"faces": {
				"north": {"uv": [10.375, 11.125, 10.5, 11.5], "texture": "#0"},
				"east": {"uv": [10.5, 7.5, 11.125, 7.875], "texture": "#0"},
				"south": {"uv": [10.5, 11.125, 10.625, 11.5], "texture": "#0"},
				"west": {"uv": [10.625, 2.25, 11.25, 2.625], "texture": "#0"},
				"up": {"uv": [10.875, 11.625, 10.75, 11], "texture": "#0"},
				"down": {"uv": [11.25, 0, 11.125, 0.625], "texture": "#0"}
			}
		},
		{
			"from": [14.25, 10, -16],
			"to": [14.75, 29, 32],
			"rotation": {"angle": 0, "axis": "y", "origin": [13.25, 12, -16]},
			"faces": {
				"north": {"uv": [1.875, 10.375, 2, 12.75], "texture": "#0"},
				"east": {"uv": [0, 0, 6, 2.375], "texture": "#0"},
				"south": {"uv": [2, 10.375, 2.125, 12.75], "texture": "#0"},
				"west": {"uv": [0, 2.375, 6, 4.75], "texture": "#0"},
				"up": {"uv": [9.5, 14.5, 9.375, 8.5], "texture": "#0"},
				"down": {"uv": [9.625, 8.5, 9.5, 14.5], "texture": "#0"}
			}
		},
		{
			"from": [14.65, 13, -5],
			"to": [17.75, 23, 21],
			"rotation": {"angle": 0, "axis": "y", "origin": [14.25, 12, -16]},
			"faces": {
				"north": {"uv": [6.125, 10.125, 6.5, 11.375], "texture": "#0"},
				"east": {"uv": [6, 0, 9.25, 1.25], "texture": "#0"},
				"south": {"uv": [6.5, 10.125, 6.875, 11.375], "texture": "#0"},
				"west": {"uv": [6, 1.25, 9.25, 2.5], "texture": "#0"},
				"up": {"uv": [3.75, 12.25, 3.375, 9], "texture": "#0"},
				"down": {"uv": [4.125, 9, 3.75, 12.25], "texture": "#0"}
			}
		},
		{
			"from": [14.65, 10, 1],
			"to": [17.75, 13, 15],
			"rotation": {"angle": 0, "axis": "y", "origin": [14.25, 10, -16]},
			"faces": {
				"north": {"uv": [10.875, 10.5, 11.25, 10.875], "texture": "#0"},
				"east": {"uv": [9.625, 9, 11.375, 9.375], "texture": "#0"},
				"south": {"uv": [10.875, 10.875, 11.25, 11.25], "texture": "#0"},
				"west": {"uv": [9.625, 9.375, 11.375, 9.75], "texture": "#0"},
				"up": {"uv": [4.5, 11.5, 4.125, 9.75], "texture": "#0"},
				"down": {"uv": [4.875, 9.75, 4.5, 11.5], "texture": "#0"}
			}
		},
		{
			"from": [11.75, 29, -16],
			"to": [14.75, 32, 32],
			"rotation": {"angle": 0, "axis": "y", "origin": [12.75, 29, 0]},
			"faces": {
				"north": {"uv": [10.625, 2.625, 11, 3], "texture": "#0"},
				"east": {"uv": [8, 3.625, 14, 4], "texture": "#0"},
				"south": {"uv": [9, 10.875, 9.375, 11.25], "texture": "#0"},
				"west": {"uv": [6, 8.125, 12, 8.5], "texture": "#0"},
				"up": {"uv": [0.375, 14.375, 0, 8.375], "texture": "#0"},
				"down": {"uv": [0.75, 8.375, 0.375, 14.375], "texture": "#0"}
			}
		},
		{
			"from": [11.75, 10, -16],
			"to": [14.25, 29, -13],
			"rotation": {"angle": 0, "axis": "y", "origin": [12.25, 27, -16]},
			"faces": {
				"north": {"uv": [7.875, 9, 8.25, 11.375], "texture": "#0"},
				"east": {"uv": [8.25, 9, 8.625, 11.375], "texture": "#0"},
				"south": {"uv": [9, 8.5, 9.375, 10.875], "texture": "#0"},
				"west": {"uv": [8.625, 9, 9, 11.375], "texture": "#0"},
				"up": {"uv": [11.25, 10.125, 10.875, 9.75], "texture": "#0"},
				"down": {"uv": [11.25, 10.125, 10.875, 10.5], "texture": "#0"}
			}
		},
		{
			"from": [11.75, 21, 30.25],
			"to": [14.25, 29, 32],
			"rotation": {"angle": 0, "axis": "y", "origin": [12.25, 27, 29]},
			"faces": {
				"north": {"uv": [7.5, 10.125, 7.875, 11.125], "texture": "#0"},
				"east": {"uv": [3.125, 10.375, 3.375, 11.375], "texture": "#0"},
				"south": {"uv": [9.625, 10.125, 10, 11.125], "texture": "#0"},
				"west": {"uv": [10.375, 10.125, 10.625, 11.125], "texture": "#0"},
				"up": {"uv": [9.625, 2.5, 9.25, 2.25], "texture": "#0"},
				"down": {"uv": [9.875, 6.75, 9.5, 7], "texture": "#0"}
			}
		},
		{
			"from": [11.75, 21, 14],
			"to": [14.25, 29, 15.75],
			"rotation": {"angle": 0, "axis": "y", "origin": [12.25, 27, 12.75]},
			"faces": {
				"north": {"uv": [10, 10.125, 10.375, 11.125], "texture": "#0"},
				"east": {"uv": [4.875, 10.5, 5.125, 11.5], "texture": "#0"},
				"south": {"uv": [10.25, 2.25, 10.625, 3.25], "texture": "#0"},
				"west": {"uv": [5.125, 10.5, 5.375, 11.5], "texture": "#0"},
				"up": {"uv": [10, 2.5, 9.625, 2.25], "texture": "#0"},
				"down": {"uv": [10.5, 7.875, 10.125, 8.125], "texture": "#0"}
			}
		},
		{
			"from": [10.75, 13, 25],
			"to": [11.75, 15, 27],
			"rotation": {"angle": 0, "axis": "y", "origin": [12.25, 18, 29]},
			"faces": {
				"north": {"uv": [10.875, 3, 11, 3.25], "texture": "#0"},
				"east": {"uv": [9.875, 6.75, 10.125, 7], "texture": "#0"},
				"south": {"uv": [11.25, 0.375, 11.375, 0.625], "texture": "#0"},
				"west": {"uv": [10, 2.25, 10.25, 2.5], "texture": "#0"},
				"up": {"uv": [11.375, 5.375, 11.25, 5.125], "texture": "#0"},
				"down": {"uv": [11.375, 5.375, 11.25, 5.625], "texture": "#0"}
			}
		},
		{
			"from": [9.5, 10.75, 27.5],
			"to": [11, 12.75, 28.25],
			"rotation": {"angle": 0, "axis": "y", "origin": [11.25, 18, 29]},
			"faces": {
				"north": {"uv": [11.125, 8.5, 11.375, 8.75], "texture": "#0"},
				"east": {"uv": [11.25, 5.625, 11.375, 5.875], "texture": "#0"},
				"south": {"uv": [11.125, 8.75, 11.375, 9], "texture": "#0"},
				"west": {"uv": [11.25, 5.875, 11.375, 6.125], "texture": "#0"},
				"up": {"uv": [6.75, 7, 6.5, 6.875], "texture": "#0"},
				"down": {"uv": [4.625, 8.375, 4.375, 8.5], "texture": "#0"}
			}
		},
		{
			"from": [9.5, 10.75, 23.75],
			"to": [11, 12.75, 24.5],
			"rotation": {"angle": 0, "axis": "y", "origin": [11.25, 18, 25.25]},
			"faces": {
				"north": {"uv": [9.75, 11.125, 10, 11.375], "texture": "#0"},
				"east": {"uv": [11.25, 6.125, 11.375, 6.375], "texture": "#0"},
				"south": {"uv": [10, 11.125, 10.25, 11.375], "texture": "#0"},
				"west": {"uv": [11.25, 6.375, 11.375, 6.625], "texture": "#0"},
				"up": {"uv": [4.875, 8.5, 4.625, 8.375], "texture": "#0"},
				"down": {"uv": [5.125, 8.375, 4.875, 8.5], "texture": "#0"}
			}
		},
		{
			"from": [9.75, 11, 27.75],
			"to": [10.75, 14.25, 28],
			"rotation": {"angle": 0, "axis": "y", "origin": [11.25, 18, 29]},
			"faces": {
				"north": {"uv": [11.25, 2.875, 11.375, 3.25], "texture": "#0"},
				"east": {"uv": [11.25, 4, 11.375, 4.375], "texture": "#0"},
				"south": {"uv": [11.25, 4.375, 11.375, 4.75], "texture": "#0"},
				"west": {"uv": [11.25, 4.75, 11.375, 5.125], "texture": "#0"},
				"up": {"uv": [9, 8.125, 8.875, 8], "texture": "#0"},
				"down": {"uv": [9.125, 8, 9, 8.125], "texture": "#0"}
			}
		},
		{
			"from": [9.75, 11, 24],
			"to": [10.75, 14.25, 24.25],
			"rotation": {"angle": 0, "axis": "y", "origin": [11.25, 18, 25.25]},
			"faces": {
				"north": {"uv": [11.25, 0, 11.375, 0.375], "texture": "#0"},
				"east": {"uv": [11.25, 1.75, 11.375, 2.125], "texture": "#0"},
				"south": {"uv": [11.25, 2.125, 11.375, 2.5], "texture": "#0"},
				"west": {"uv": [11.25, 2.5, 11.375, 2.875], "texture": "#0"},
				"up": {"uv": [6, 8.5, 5.875, 8.375], "texture": "#0"},
				"down": {"uv": [8.875, 8, 8.75, 8.125], "texture": "#0"}
			}
		},
		{
			"from": [9.75, 14, 24],
			"to": [10.75, 14.25, 28],
			"rotation": {"angle": 0, "axis": "y", "origin": [11.25, 18, 29]},
			"faces": {
				"north": {"uv": [5.625, 8.375, 5.75, 8.5], "texture": "#0"},
				"east": {"uv": [3.375, 8.375, 3.875, 8.5], "texture": "#0"},
				"south": {"uv": [5.75, 8.375, 5.875, 8.5], "texture": "#0"},
				"west": {"uv": [3.875, 8.375, 4.375, 8.5], "texture": "#0"},
				"up": {"uv": [7.875, 11.625, 7.75, 11.125], "texture": "#0"},
				"down": {"uv": [9.75, 11.125, 9.625, 11.625], "texture": "#0"}
			}
		},
		{
			"from": [11.75, 12, 14],
			"to": [14.25, 21, 32],
			"rotation": {"angle": 0, "axis": "y", "origin": [12.25, 18, 29]},
			"faces": {
				"north": {"uv": [10.125, 6.75, 10.5, 7.875], "texture": "#0"},
				"east": {"uv": [6, 7, 8.25, 8.125], "texture": "#0"},
				"south": {"uv": [7.125, 10.125, 7.5, 11.25], "texture": "#0"},
				"west": {"uv": [8, 2.5, 10.25, 3.625], "texture": "#0"},
				"up": {"uv": [9.625, 2.25, 9.25, 0], "texture": "#0"},
				"down": {"uv": [1.875, 9.375, 1.5, 11.625], "texture": "#0"}
			}
		},
		{
			"from": [11.75, 10, -13],
			"to": [14.25, 12, 32],
			"rotation": {"angle": 0, "axis": "x", "origin": [12.25, 13, 4]},
			"faces": {
				"north": {"uv": [8.75, 6.75, 9.125, 7], "texture": "#0"},
				"east": {"uv": [3.375, 8.5, 9, 8.75], "texture": "#0"},
				"south": {"uv": [9.125, 6.75, 9.5, 7], "texture": "#0"},
				"west": {"uv": [3.375, 8.75, 9, 9], "texture": "#0"},
				"up": {"uv": [1.125, 14, 0.75, 8.375], "texture": "#0"},
				"down": {"uv": [1.5, 8.375, 1.125, 14], "texture": "#0"}
			}
		},
		{
			"from": [13, 12, -13],
			"to": [13.5, 29, 14],
			"rotation": {"angle": 0, "axis": "y", "origin": [13, 21, 0]},
			"faces": {
				"north": {"uv": [2.875, 10.375, 3, 12.5], "texture": "#0"},
				"east": {"uv": [0, 4.75, 3.375, 6.875], "texture": "#0"},
				"south": {"uv": [3, 10.375, 3.125, 12.5], "texture": "#0"},
				"west": {"uv": [3.375, 4.75, 6.75, 6.875], "texture": "#0"},
				"up": {"uv": [7, 13.5, 6.875, 10.125], "texture": "#0"},
				"down": {"uv": [7.125, 10.125, 7, 13.5], "texture": "#0"}
			}
		},
		{
			"from": [13, 21, 15.75],
			"to": [13.5, 29, 30.25],
			"rotation": {"angle": 0, "axis": "y", "origin": [13, 21, 18]},
			"faces": {
				"north": {"uv": [11, 2.625, 11.125, 3.625], "texture": "#0"},
				"east": {"uv": [8.25, 7, 10.125, 8], "texture": "#0"},
				"south": {"uv": [11, 4, 11.125, 5], "texture": "#0"},
				"west": {"uv": [1.5, 8.375, 3.375, 9.375], "texture": "#0"},
				"up": {"uv": [5.5, 12.375, 5.375, 10.5], "texture": "#0"},
				"down": {"uv": [5.625, 10.5, 5.5, 12.375], "texture": "#0"}
			}
		}
	],
	"display": {
		"thirdperson_righthand": {
			"rotation": [0, 90, 90],
			"translation": [-5, 0, 0],
			"scale": [1, 1, 1.2]
		}
	}
}