{
	"format_version": "1.21.6",
	"credit": "Made with Blockbench",
	"texture_size": [32, 32],
	"textures": {
		"0": "item/misc/radio",
		"particle": "item/misc/radio"
	},
	"elements": [
		{
			"from": [5, 0, 2],
			"to": [11, 2, 11],
			"rotation": {"angle": 0, "axis": "y", "origin": [7, 0, 5]},
			"faces": {
				"north": {"uv": [6, 2, 9, 3], "texture": "#0"},
				"east": {"uv": [6, 0, 10.5, 1], "texture": "#0"},
				"south": {"uv": [6, 3, 9, 4], "texture": "#0"},
				"west": {"uv": [6, 1, 10.5, 2], "texture": "#0"},
				"up": {"uv": [3, 4.5, 0, 0], "texture": "#0"},
				"down": {"uv": [6, 0, 3, 4.5], "texture": "#0"}
			}
		},
		{
			"from": [5.25, 2, 7.25],
			"to": [10.75, 2.2, 10.5],
			"rotation": {"angle": 0, "axis": "y", "origin": [7, 2, 5]},
			"faces": {
				"north": {"uv": [6.5, 5.5, 9.25, 5.75], "texture": "#0"},
				"east": {"uv": [6.5, 6.5, 8.25, 6.75], "texture": "#0"},
				"south": {"uv": [6.5, 6, 9.25, 6.25], "texture": "#0"},
				"west": {"uv": [0.5, 7, 2.25, 7.25], "texture": "#0"},
				"up": {"uv": [2.75, 6.5, 0, 4.5], "texture": "#0"},
				"down": {"uv": [5.75, 4.5, 3, 6.25], "texture": "#0"}
			}
		},
		{
			"from": [4.75, 0.675, 6.75],
			"to": [5, 1.325, 10],
			"rotation": {"angle": 0, "axis": "y", "origin": [5.375, 0.9, 4.5]},
			"faces": {
				"north": {"uv": [8, 8, 8.25, 8.25], "texture": "#0"},
				"east": {"uv": [2.5, 7, 4.25, 7.25], "texture": "#0"},
				"south": {"uv": [0, 8.5, 0.25, 8.75], "texture": "#0"},
				"west": {"uv": [5.25, 7, 7.25, 7.25], "texture": "#0"},
				"up": {"uv": [0.75, 9.25, 0.5, 7.5], "texture": "#0"},
				"down": {"uv": [1.25, 7.5, 1, 9.25], "texture": "#0"}
			}
		},
		{
			"from": [11, 0.675, 7.75],
			"to": [11.25, 1.325, 10],
			"rotation": {"angle": 0, "axis": "y", "origin": [10.625, 0.9, 4.5]},
			"faces": {
				"north": {"uv": [1.5, 8.5, 1.75, 8.75], "texture": "#0"},
				"east": {"uv": [5.25, 7, 7.25, 7.25], "texture": "#0"},
				"south": {"uv": [2, 8.5, 2.25, 8.75], "texture": "#0"},
				"west": {"uv": [3, 7.5, 4.25, 7.75], "texture": "#0"},
				"up": {"uv": [5.75, 8.75, 5.5, 7.5], "texture": "#0"},
				"down": {"uv": [6.25, 7.5, 6, 8.75], "texture": "#0"}
			}
		},
		{
			"from": [11, 0.675, 5.6],
			"to": [11.25, 1.325, 6.85],
			"rotation": {"angle": 0, "axis": "y", "origin": [10.625, 0.9, 1.35]},
			"faces": {
				"north": {"uv": [2.5, 8.5, 2.75, 8.75], "texture": "#0"},
				"east": {"uv": [5.25, 7.25, 7.25, 7], "texture": "#0"},
				"south": {"uv": [3, 8.5, 3.25, 8.75], "texture": "#0"},
				"west": {"uv": [8, 4.5, 8.75, 4.75], "texture": "#0"},
				"up": {"uv": [4.25, 8.75, 4, 8], "texture": "#0"},
				"down": {"uv": [6.75, 8, 6.5, 8.75], "texture": "#0"}
			}
		},
		{
			"from": [5.5, 0.5, 11],
			"to": [6.5, 1.5, 11.5],
			"rotation": {"angle": 0, "axis": "y", "origin": [5, 0, 10]},
			"faces": {
				"north": {"uv": [5.5, 6.5, 6, 7], "texture": "#0"},
				"east": {"uv": [0.75, 5, 0, 4.5], "texture": "#0"},
				"south": {"uv": [0.75, 5, 0, 4.5], "texture": "#0"},
				"west": {"uv": [0.75, 5, 0, 4.5], "texture": "#0"},
				"up": {"uv": [0.75, 5, 0, 4.5], "texture": "#0"},
				"down": {"uv": [0.75, 5, 0, 4.5], "texture": "#0"}
			}
		},
		{
			"from": [7.25, 0.5, 11],
			"to": [8.25, 1.5, 12],
			"rotation": {"angle": 0, "axis": "y", "origin": [6.75, 0, 10]},
			"faces": {
				"north": {"uv": [7, 7.5, 7.5, 8], "texture": "#0"},
				"east": {"uv": [0.75, 5, 0, 4.5], "texture": "#0"},
				"south": {"uv": [0.75, 5, 0, 4.5], "texture": "#0"},
				"west": {"uv": [0.75, 5, 0, 4.5], "texture": "#0"},
				"up": {"uv": [0.75, 5, 0, 4.5], "texture": "#0"},
				"down": {"uv": [0.75, 5, 0, 4.5], "texture": "#0"}
			}
		},
		{
			"from": [9.25, 0.5, 11],
			"to": [10.25, 1.5, 15],
			"rotation": {"angle": 0, "axis": "y", "origin": [8.75, 0, 10]},
			"faces": {
				"north": {"uv": [3, 8, 3.5, 8.5], "texture": "#0"},
				"east": {"uv": [6, 4, 8, 4.5], "texture": "#0"},
				"south": {"uv": [3.5, 8, 4, 8.5], "texture": "#0"},
				"west": {"uv": [6, 4.5, 8, 5], "texture": "#0"},
				"up": {"uv": [6.5, 7, 6, 5], "texture": "#0"},
				"down": {"uv": [0.5, 6.5, 0, 8.5], "texture": "#0"}
			}
		},
		{
			"from": [9.5, 0.75, 15],
			"to": [10, 1.25, 23],
			"rotation": {"angle": 0, "axis": "y", "origin": [8.75, 0, 14]},
			"faces": {
				"north": {"uv": [3.5, 8.5, 3.75, 8.75], "texture": "#0"},
				"east": {"uv": [0, 6.5, 0.25, 4.5], "rotation": 90, "texture": "#0"},
				"south": {"uv": [0.25, 5, 0, 4.75], "texture": "#0"},
				"west": {"uv": [0, 4.5, 0.25, 6.5], "rotation": 90, "texture": "#0"},
				"up": {"uv": [0.25, 6.5, 0, 4.5], "texture": "#0"},
				"down": {"uv": [0.25, 4.5, 0, 6.5], "texture": "#0"}
			}
		}
	],
	"display": {
		"thirdperson_righthand": {
			"rotation": [-22.57, 0, 89.96],
			"translation": [-2.25, 1.25, 1.75],
			"scale": [0.37891, 0.37891, 0.37891]
		},
		"thirdperson_lefthand": {
			"rotation": [-22.57, 0, 89.96],
			"translation": [-2.25, 1.25, 1.75],
			"scale": [0.37891, 0.37891, 0.37891]
		},
		"firstperson_righthand": {
			"rotation": [-90, 0, 90],
			"translation": [-1.25, 4.75, -0.75],
			"scale": [0.66016, 0.66016, 0.66016]
		},
		"firstperson_lefthand": {
			"rotation": [-90, 0, 90],
			"translation": [-1.25, 4.75, -0.75],
			"scale": [0.66016, 0.66016, 0.66016]
		},
		"ground": {
			"translation": [0, 4.25, 0],
			"scale": [0.9082, 0.9082, 0.9082]
		},
		"gui": {
			"rotation": [-90, 45, 0],
			"translation": [-2.25, -2, -6.25],
			"scale": [0.82813, 0.82813, 0.82813]
		},
		"head": {
			"rotation": [-90, 0, 0],
			"translation": [0, 19, -14],
			"scale": [2.06641, 2.06641, 2.06641]
		},
		"fixed": {
			"rotation": [-90, -45, 0],
			"translation": [2.75, -2.5, -6.25]
		},
		"on_shelf": {
			"rotation": [-90, -45, 0],
			"translation": [2.75, -2.5, -6.25]
		}
	}
}