{
	"format_version": "1.21.6",
	"credit": "Made with Blockbench",
	"textures": {
		"0": "item/misc/redcircle",
		"particle": "item/misc/redcircle"
	},
	"elements": [
		{
			"name": "redcircle_0",
			"from": [6.5, 0, 0],
			"to": [9.5, 32, 0.5],
			"faces": {
				"north": {"uv": [9.5, 0, 6.5, 0.5], "texture": "#0"},
				"east": {"uv": [9, 0, 9.5, 0.5], "rotation": 90, "texture": "#0"},
				"south": {"uv": [6.5, 0, 9.5, 0.5], "texture": "#0"},
				"west": {"uv": [6.5, 0, 7, 0.5], "rotation": 270, "texture": "#0"},
				"up": {"uv": [6.5, 0, 9.5, 0.5], "texture": "#0"},
				"down": {"uv": [6.5, 0.5, 9.5, 0], "texture": "#0"}
			}
		},
		{
			"name": "redcircle_1",
			"from": [5, 0, 0.5],
			"to": [11, 32, 1],
			"faces": {
				"north": {"uv": [11, 0.5, 5, 1], "texture": "#0"},
				"east": {"uv": [10.5, 0.5, 11, 1], "rotation": 90, "texture": "#0"},
				"south": {"uv": [5, 0.5, 11, 1], "texture": "#0"},
				"west": {"uv": [5, 0.5, 5.5, 1], "rotation": 270, "texture": "#0"},
				"up": {"uv": [5, 0.5, 11, 1], "texture": "#0"},
				"down": {"uv": [5, 1, 11, 0.5], "texture": "#0"}
			}
		},
		{
			"name": "redcircle_2",
			"from": [4, 0, 1],
			"to": [12, 32, 1.5],
			"faces": {
				"north": {"uv": [12, 1, 4, 1.5], "texture": "#0"},
				"east": {"uv": [11.5, 1, 12, 1.5], "rotation": 90, "texture": "#0"},
				"south": {"uv": [4, 1, 12, 1.5], "texture": "#0"},
				"west": {"uv": [4, 1, 4.5, 1.5], "rotation": 270, "texture": "#0"},
				"up": {"uv": [4, 1, 12, 1.5], "texture": "#0"},
				"down": {"uv": [4, 1.5, 12, 1], "texture": "#0"}
			}
		},
		{
			"name": "redcircle_3",
			"from": [3.5, 0, 1.5],
			"to": [12.5, 32, 2],
			"faces": {
				"north": {"uv": [12.5, 1.5, 3.5, 2], "texture": "#0"},
				"east": {"uv": [12, 1.5, 12.5, 2], "rotation": 90, "texture": "#0"},
				"south": {"uv": [3.5, 1.5, 12.5, 2], "texture": "#0"},
				"west": {"uv": [3.5, 1.5, 4, 2], "rotation": 270, "texture": "#0"},
				"up": {"uv": [3.5, 1.5, 12.5, 2], "texture": "#0"},
				"down": {"uv": [3.5, 2, 12.5, 1.5], "texture": "#0"}
			}
		},
		{
			"name": "redcircle_4",
			"from": [2.5, 0, 2],
			"to": [13.5, 32, 2.5],
			"faces": {
				"north": {"uv": [13.5, 2, 2.5, 2.5], "texture": "#0"},
				"east": {"uv": [13, 2, 13.5, 2.5], "rotation": 90, "texture": "#0"},
				"south": {"uv": [2.5, 2, 13.5, 2.5], "texture": "#0"},
				"west": {"uv": [2.5, 2, 3, 2.5], "rotation": 270, "texture": "#0"},
				"up": {"uv": [2.5, 2, 13.5, 2.5], "texture": "#0"},
				"down": {"uv": [2.5, 2.5, 13.5, 2], "texture": "#0"}
			}
		},
		{
			"name": "redcircle_5",
			"from": [2, 0, 2.5],
			"to": [14, 32, 3],
			"faces": {
				"north": {"uv": [14, 2.5, 2, 3], "texture": "#0"},
				"east": {"uv": [13.5, 2.5, 14, 3], "rotation": 90, "texture": "#0"},
				"south": {"uv": [2, 2.5, 14, 3], "texture": "#0"},
				"west": {"uv": [2, 2.5, 2.5, 3], "rotation": 270, "texture": "#0"},
				"up": {"uv": [2, 2.5, 14, 3], "texture": "#0"},
				"down": {"uv": [2, 3, 14, 2.5], "texture": "#0"}
			}
		},
		{
			"name": "redcircle_6",
			"from": [2, 0, 3],
			"to": [14, 32, 3.5],
			"faces": {
				"north": {"uv": [14, 3, 2, 3.5], "texture": "#0"},
				"east": {"uv": [13.5, 3, 14, 3.5], "rotation": 90, "texture": "#0"},
				"south": {"uv": [2, 3, 14, 3.5], "texture": "#0"},
				"west": {"uv": [2, 3, 2.5, 3.5], "rotation": 270, "texture": "#0"},
				"up": {"uv": [2, 3, 14, 3.5], "texture": "#0"},
				"down": {"uv": [2, 3.5, 14, 3], "texture": "#0"}
			}
		},
		{
			"name": "redcircle_7",
			"from": [1.5, 0, 3.5],
			"to": [14.5, 32, 4],
			"faces": {
				"north": {"uv": [14.5, 3.5, 1.5, 4], "texture": "#0"},
				"east": {"uv": [14, 3.5, 14.5, 4], "rotation": 90, "texture": "#0"},
				"south": {"uv": [1.5, 3.5, 14.5, 4], "texture": "#0"},
				"west": {"uv": [1.5, 3.5, 2, 4], "rotation": 270, "texture": "#0"},
				"up": {"uv": [1.5, 3.5, 14.5, 4], "texture": "#0"},
				"down": {"uv": [1.5, 4, 14.5, 3.5], "texture": "#0"}
			}
		},
		{
			"name": "redcircle_8",
			"from": [1, 0, 4],
			"to": [15, 32, 4.5],
			"faces": {
				"north": {"uv": [15, 4, 1, 4.5], "texture": "#0"},
				"east": {"uv": [14.5, 4, 15, 4.5], "rotation": 90, "texture": "#0"},
				"south": {"uv": [1, 4, 15, 4.5], "texture": "#0"},
				"west": {"uv": [1, 4, 1.5, 4.5], "rotation": 270, "texture": "#0"},
				"up": {"uv": [1, 4, 15, 4.5], "texture": "#0"},
				"down": {"uv": [1, 4.5, 15, 4], "texture": "#0"}
			}
		},
		{
			"name": "redcircle_9",
			"from": [1, 0, 4.5],
			"to": [15, 32, 5],
			"faces": {
				"north": {"uv": [15, 4.5, 1, 5], "texture": "#0"},
				"east": {"uv": [14.5, 4.5, 15, 5], "rotation": 90, "texture": "#0"},
				"south": {"uv": [1, 4.5, 15, 5], "texture": "#0"},
				"west": {"uv": [1, 4.5, 1.5, 5], "rotation": 270, "texture": "#0"},
				"up": {"uv": [1, 4.5, 15, 5], "texture": "#0"},
				"down": {"uv": [1, 5, 15, 4.5], "texture": "#0"}
			}
		},
		{
			"name": "redcircle_10",
			"from": [0.5, 0, 5],
			"to": [15.5, 32, 5.5],
			"faces": {
				"north": {"uv": [15.5, 5, 0.5, 5.5], "texture": "#0"},
				"east": {"uv": [15, 5, 15.5, 5.5], "rotation": 90, "texture": "#0"},
				"south": {"uv": [0.5, 5, 15.5, 5.5], "texture": "#0"},
				"west": {"uv": [0.5, 5, 1, 5.5], "rotation": 270, "texture": "#0"},
				"up": {"uv": [0.5, 5, 15.5, 5.5], "texture": "#0"},
				"down": {"uv": [0.5, 5.5, 15.5, 5], "texture": "#0"}
			}
		},
		{
			"name": "redcircle_11",
			"from": [0.5, 0, 5.5],
			"to": [15.5, 32, 6],
			"faces": {
				"north": {"uv": [15.5, 5.5, 0.5, 6], "texture": "#0"},
				"east": {"uv": [15, 5.5, 15.5, 6], "rotation": 90, "texture": "#0"},
				"south": {"uv": [0.5, 5.5, 15.5, 6], "texture": "#0"},
				"west": {"uv": [0.5, 5.5, 1, 6], "rotation": 270, "texture": "#0"},
				"up": {"uv": [0.5, 5.5, 15.5, 6], "texture": "#0"},
				"down": {"uv": [0.5, 6, 15.5, 5.5], "texture": "#0"}
			}
		},
		{
			"name": "redcircle_12",
			"from": [0.5, 0, 6],
			"to": [15.5, 32, 6.5],
			"faces": {
				"north": {"uv": [15.5, 6, 0.5, 6.5], "texture": "#0"},
				"east": {"uv": [15, 6, 15.5, 6.5], "rotation": 90, "texture": "#0"},
				"south": {"uv": [0.5, 6, 15.5, 6.5], "texture": "#0"},
				"west": {"uv": [0.5, 6, 1, 6.5], "rotation": 270, "texture": "#0"},
				"up": {"uv": [0.5, 6, 15.5, 6.5], "texture": "#0"},
				"down": {"uv": [0.5, 6.5, 15.5, 6], "texture": "#0"}
			}
		},
		{
			"name": "redcircle_13",
			"from": [0, 0, 6.5],
			"to": [16, 32, 7],
			"faces": {
				"north": {"uv": [16, 6.5, 0, 7], "texture": "#0"},
				"east": {"uv": [15.5, 6.5, 16, 7], "rotation": 90, "texture": "#0"},
				"south": {"uv": [0, 6.5, 16, 7], "texture": "#0"},
				"west": {"uv": [0, 6.5, 0.5, 7], "rotation": 270, "texture": "#0"},
				"up": {"uv": [0, 6.5, 16, 7], "texture": "#0"},
				"down": {"uv": [0, 7, 16, 6.5], "texture": "#0"}
			}
		},
		{
			"name": "redcircle_14",
			"from": [0, 0, 7],
			"to": [16, 32, 7.5],
			"faces": {
				"north": {"uv": [16, 7, 0, 7.5], "texture": "#0"},
				"east": {"uv": [15.5, 7, 16, 7.5], "rotation": 90, "texture": "#0"},
				"south": {"uv": [0, 7, 16, 7.5], "texture": "#0"},
				"west": {"uv": [0, 7, 0.5, 7.5], "rotation": 270, "texture": "#0"},
				"up": {"uv": [0, 7, 16, 7.5], "texture": "#0"},
				"down": {"uv": [0, 7.5, 16, 7], "texture": "#0"}
			}
		},
		{
			"name": "redcircle_15",
			"from": [0, 0, 7.5],
			"to": [16, 32, 8],
			"faces": {
				"north": {"uv": [16, 7.5, 0, 8], "texture": "#0"},
				"east": {"uv": [15.5, 7.5, 16, 8], "rotation": 90, "texture": "#0"},
				"south": {"uv": [0, 7.5, 16, 8], "texture": "#0"},
				"west": {"uv": [0, 7.5, 0.5, 8], "rotation": 270, "texture": "#0"},
				"up": {"uv": [0, 7.5, 16, 8], "texture": "#0"},
				"down": {"uv": [0, 8, 16, 7.5], "texture": "#0"}
			}
		},
		{
			"name": "redcircle_16",
			"from": [0, 0, 8],
			"to": [16, 32, 8.5],
			"faces": {
				"north": {"uv": [16, 8, 0, 8.5], "texture": "#0"},
				"east": {"uv": [15.5, 8, 16, 8.5], "rotation": 90, "texture": "#0"},
				"south": {"uv": [0, 8, 16, 8.5], "texture": "#0"},
				"west": {"uv": [0, 8, 0.5, 8.5], "rotation": 270, "texture": "#0"},
				"up": {"uv": [0, 8, 16, 8.5], "texture": "#0"},
				"down": {"uv": [0, 8.5, 16, 8], "texture": "#0"}
			}
		},
		{
			"name": "redcircle_17",
			"from": [0, 0, 8.5],
			"to": [16, 32, 9],
			"faces": {
				"north": {"uv": [16, 8.5, 0, 9], "texture": "#0"},
				"east": {"uv": [15.5, 8.5, 16, 9], "rotation": 90, "texture": "#0"},
				"south": {"uv": [0, 8.5, 16, 9], "texture": "#0"},
				"west": {"uv": [0, 8.5, 0.5, 9], "rotation": 270, "texture": "#0"},
				"up": {"uv": [0, 8.5, 16, 9], "texture": "#0"},
				"down": {"uv": [0, 9, 16, 8.5], "texture": "#0"}
			}
		},
		{
			"name": "redcircle_18",
			"from": [0, 0, 9],
			"to": [16, 32, 9.5],
			"faces": {
				"north": {"uv": [16, 9, 0, 9.5], "texture": "#0"},
				"east": {"uv": [15.5, 9, 16, 9.5], "rotation": 90, "texture": "#0"},
				"south": {"uv": [0, 9, 16, 9.5], "texture": "#0"},
				"west": {"uv": [0, 9, 0.5, 9.5], "rotation": 270, "texture": "#0"},
				"up": {"uv": [0, 9, 16, 9.5], "texture": "#0"},
				"down": {"uv": [0, 9.5, 16, 9], "texture": "#0"}
			}
		},
		{
			"name": "redcircle_19",
			"from": [0.5, 0, 9.5],
			"to": [15.5, 32, 10],
			"faces": {
				"north": {"uv": [15.5, 9.5, 0.5, 10], "texture": "#0"},
				"east": {"uv": [15, 9.5, 15.5, 10], "rotation": 90, "texture": "#0"},
				"south": {"uv": [0.5, 9.5, 15.5, 10], "texture": "#0"},
				"west": {"uv": [0.5, 9.5, 1, 10], "rotation": 270, "texture": "#0"},
				"up": {"uv": [0.5, 9.5, 15.5, 10], "texture": "#0"},
				"down": {"uv": [0.5, 10, 15.5, 9.5], "texture": "#0"}
			}
		},
		{
			"name": "redcircle_20",
			"from": [0.5, 0, 10],
			"to": [15.5, 32, 10.5],
			"faces": {
				"north": {"uv": [15.5, 10, 0.5, 10.5], "texture": "#0"},
				"east": {"uv": [15, 10, 15.5, 10.5], "rotation": 90, "texture": "#0"},
				"south": {"uv": [0.5, 10, 15.5, 10.5], "texture": "#0"},
				"west": {"uv": [0.5, 10, 1, 10.5], "rotation": 270, "texture": "#0"},
				"up": {"uv": [0.5, 10, 15.5, 10.5], "texture": "#0"},
				"down": {"uv": [0.5, 10.5, 15.5, 10], "texture": "#0"}
			}
		},
		{
			"name": "redcircle_21",
			"from": [0.5, 0, 10.5],
			"to": [15.5, 32, 11],
			"faces": {
				"north": {"uv": [15.5, 10.5, 0.5, 11], "texture": "#0"},
				"east": {"uv": [15, 10.5, 15.5, 11], "rotation": 90, "texture": "#0"},
				"south": {"uv": [0.5, 10.5, 15.5, 11], "texture": "#0"},
				"west": {"uv": [0.5, 10.5, 1, 11], "rotation": 270, "texture": "#0"},
				"up": {"uv": [0.5, 10.5, 15.5, 11], "texture": "#0"},
				"down": {"uv": [0.5, 11, 15.5, 10.5], "texture": "#0"}
			}
		},
		{
			"name": "redcircle_22",
			"from": [1, 0, 11],
			"to": [15, 32, 11.5],
			"faces": {
				"north": {"uv": [15, 11, 1, 11.5], "texture": "#0"},
				"east": {"uv": [14.5, 11, 15, 11.5], "rotation": 90, "texture": "#0"},
				"south": {"uv": [1, 11, 15, 11.5], "texture": "#0"},
				"west": {"uv": [1, 11, 1.5, 11.5], "rotation": 270, "texture": "#0"},
				"up": {"uv": [1, 11, 15, 11.5], "texture": "#0"},
				"down": {"uv": [1, 11.5, 15, 11], "texture": "#0"}
			}
		},
		{
			"name": "redcircle_23",
			"from": [1, 0, 11.5],
			"to": [15, 32, 12],
			"faces": {
				"north": {"uv": [15, 11.5, 1, 12], "texture": "#0"},
				"east": {"uv": [14.5, 11.5, 15, 12], "rotation": 90, "texture": "#0"},
				"south": {"uv": [1, 11.5, 15, 12], "texture": "#0"},
				"west": {"uv": [1, 11.5, 1.5, 12], "rotation": 270, "texture": "#0"},
				"up": {"uv": [1, 11.5, 15, 12], "texture": "#0"},
				"down": {"uv": [1, 12, 15, 11.5], "texture": "#0"}
			}
		},
		{
			"name": "redcircle_24",
			"from": [1.5, 0, 12],
			"to": [14.5, 32, 12.5],
			"faces": {
				"north": {"uv": [14.5, 12, 1.5, 12.5], "texture": "#0"},
				"east": {"uv": [14, 12, 14.5, 12.5], "rotation": 90, "texture": "#0"},
				"south": {"uv": [1.5, 12, 14.5, 12.5], "texture": "#0"},
				"west": {"uv": [1.5, 12, 2, 12.5], "rotation": 270, "texture": "#0"},
				"up": {"uv": [1.5, 12, 14.5, 12.5], "texture": "#0"},
				"down": {"uv": [1.5, 12.5, 14.5, 12], "texture": "#0"}
			}
		},
		{
			"name": "redcircle_25",
			"from": [2, 0, 12.5],
			"to": [14, 32, 13],
			"faces": {
				"north": {"uv": [14, 12.5, 2, 13], "texture": "#0"},
				"east": {"uv": [13.5, 12.5, 14, 13], "rotation": 90, "texture": "#0"},
				"south": {"uv": [2, 12.5, 14, 13], "texture": "#0"},
				"west": {"uv": [2, 12.5, 2.5, 13], "rotation": 270, "texture": "#0"},
				"up": {"uv": [2, 12.5, 14, 13], "texture": "#0"},
				"down": {"uv": [2, 13, 14, 12.5], "texture": "#0"}
			}
		},
		{
			"name": "redcircle_26",
			"from": [2, 0, 13],
			"to": [14, 32, 13.5],
			"faces": {
				"north": {"uv": [14, 13, 2, 13.5], "texture": "#0"},
				"east": {"uv": [13.5, 13, 14, 13.5], "rotation": 90, "texture": "#0"},
				"south": {"uv": [2, 13, 14, 13.5], "texture": "#0"},
				"west": {"uv": [2, 13, 2.5, 13.5], "rotation": 270, "texture": "#0"},
				"up": {"uv": [2, 13, 14, 13.5], "texture": "#0"},
				"down": {"uv": [2, 13.5, 14, 13], "texture": "#0"}
			}
		},
		{
			"name": "redcircle_27",
			"from": [2.5, 0, 13.5],
			"to": [13.5, 32, 14],
			"faces": {
				"north": {"uv": [13.5, 13.5, 2.5, 14], "texture": "#0"},
				"east": {"uv": [13, 13.5, 13.5, 14], "rotation": 90, "texture": "#0"},
				"south": {"uv": [2.5, 13.5, 13.5, 14], "texture": "#0"},
				"west": {"uv": [2.5, 13.5, 3, 14], "rotation": 270, "texture": "#0"},
				"up": {"uv": [2.5, 13.5, 13.5, 14], "texture": "#0"},
				"down": {"uv": [2.5, 14, 13.5, 13.5], "texture": "#0"}
			}
		},
		{
			"name": "redcircle_28",
			"from": [3.5, 0, 14],
			"to": [12.5, 32, 14.5],
			"faces": {
				"north": {"uv": [12.5, 14, 3.5, 14.5], "texture": "#0"},
				"east": {"uv": [12, 14, 12.5, 14.5], "rotation": 90, "texture": "#0"},
				"south": {"uv": [3.5, 14, 12.5, 14.5], "texture": "#0"},
				"west": {"uv": [3.5, 14, 4, 14.5], "rotation": 270, "texture": "#0"},
				"up": {"uv": [3.5, 14, 12.5, 14.5], "texture": "#0"},
				"down": {"uv": [3.5, 14.5, 12.5, 14], "texture": "#0"}
			}
		},
		{
			"name": "redcircle_29",
			"from": [4, 0, 14.5],
			"to": [12, 32, 15],
			"faces": {
				"north": {"uv": [12, 14.5, 4, 15], "texture": "#0"},
				"east": {"uv": [11.5, 14.5, 12, 15], "rotation": 90, "texture": "#0"},
				"south": {"uv": [4, 14.5, 12, 15], "texture": "#0"},
				"west": {"uv": [4, 14.5, 4.5, 15], "rotation": 270, "texture": "#0"},
				"up": {"uv": [4, 14.5, 12, 15], "texture": "#0"},
				"down": {"uv": [4, 15, 12, 14.5], "texture": "#0"}
			}
		},
		{
			"name": "redcircle_30",
			"from": [5, 0, 15],
			"to": [11, 32, 15.5],
			"faces": {
				"north": {"uv": [11, 15, 5, 15.5], "texture": "#0"},
				"east": {"uv": [10.5, 15, 11, 15.5], "rotation": 90, "texture": "#0"},
				"south": {"uv": [5, 15, 11, 15.5], "texture": "#0"},
				"west": {"uv": [5, 15, 5.5, 15.5], "rotation": 270, "texture": "#0"},
				"up": {"uv": [5, 15, 11, 15.5], "texture": "#0"},
				"down": {"uv": [5, 15.5, 11, 15], "texture": "#0"}
			}
		},
		{
			"name": "redcircle_31",
			"from": [6.5, 0, 15.5],
			"to": [9.5, 32, 16],
			"faces": {
				"north": {"uv": [9.5, 15.5, 6.5, 16], "texture": "#0"},
				"east": {"uv": [9, 15.5, 9.5, 16], "rotation": 90, "texture": "#0"},
				"south": {"uv": [6.5, 15.5, 9.5, 16], "texture": "#0"},
				"west": {"uv": [6.5, 15.5, 7, 16], "rotation": 270, "texture": "#0"},
				"up": {"uv": [6.5, 15.5, 9.5, 16], "texture": "#0"},
				"down": {"uv": [6.5, 16, 9.5, 15.5], "texture": "#0"}
			}
		}
	],
	"display": {},
	"groups": [
		{
			"name": "redcircle",
			"origin": [8, 8, 8],
			"color": 0,
			"children": [0, 1, 2, 3, 4, 5, 6, 7, 8, 9, 10, 11, 12, 13, 14, 15, 16, 17, 18, 19, 20, 21, 22, 23, 24, 25, 26, 27, 28, 29, 30, 31]
		}
	]
}