{
	"format_version": "1.9.0",
	"credit": "Made with Blockbench",
	"texture_size": [64, 64],
	"textures": {
		"0": "item/misc/vent",
		"particle": "item/misc/vent"
	},
	"elements": [
		{
			"from": [1, 0, 2],
			"to": [2, 11, 14],
			"faces": {
				"north": {"uv": [4.5, 4.5, 4.75, 7.25], "texture": "#0"},
				"east": {"uv": [0, 0, 3, 2.75], "texture": "#0"},
				"south": {"uv": [4.75, 4.5, 5, 7.25], "texture": "#0"},
				"west": {"uv": [0, 2.75, 3, 5.5], "texture": "#0"},
				"up": {"uv": [3.25, 7.5, 3, 4.5], "texture": "#0"},
				"down": {"uv": [3.5, 4.5, 3.25, 7.5], "texture": "#0"}
			}
		},
		{
			"from": [0, 0, 2],
			"to": [1, 11, 3],
			"rotation": {"angle": 0, "axis": "y", "origin": [0, 0, 2]},
			"faces": {
				"north": {"uv": [5, 4.5, 5.25, 7.25], "texture": "#0"},
				"east": {"uv": [5.25, 4.5, 5.5, 7.25], "texture": "#0"},
				"south": {"uv": [0, 5.5, 0.25, 8.25], "texture": "#0"},
				"west": {"uv": [5.5, 0, 5.75, 2.75], "texture": "#0"},
				"up": {"uv": [1.75, 6, 1.5, 5.75], "texture": "#0"},
				"down": {"uv": [2, 5.75, 1.75, 6], "texture": "#0"}
			}
		},
		{
			"from": [0, 0, 13],
			"to": [1, 11, 14],
			"rotation": {"angle": 0, "axis": "y", "origin": [0, 0, 13]},
			"faces": {
				"north": {"uv": [3.5, 4.5, 3.75, 7.25], "texture": "#0"},
				"east": {"uv": [3.75, 4.5, 4, 7.25], "texture": "#0"},
				"south": {"uv": [4, 4.5, 4.25, 7.25], "texture": "#0"},
				"west": {"uv": [4.25, 4.5, 4.5, 7.25], "texture": "#0"},
				"up": {"uv": [1.25, 6, 1, 5.75], "texture": "#0"},
				"down": {"uv": [1.5, 5.75, 1.25, 6], "texture": "#0"}
			}
		},
		{
			"from": [0, 0, 3],
			"to": [1, 1, 13],
			"rotation": {"angle": 0, "axis": "y", "origin": [0, 0, 3]},
			"faces": {
				"north": {"uv": [2, 5.75, 2.25, 6], "texture": "#0"},
				"east": {"uv": [0.25, 5.5, 2.75, 5.75], "texture": "#0"},
				"south": {"uv": [2.25, 5.75, 2.5, 6], "texture": "#0"},
				"west": {"uv": [5.5, 2.75, 8, 3], "texture": "#0"},
				"up": {"uv": [3, 8, 2.75, 5.5], "texture": "#0"},
				"down": {"uv": [5.75, 3, 5.5, 5.5], "texture": "#0"}
			}
		},
		{
			"from": [0, 10, 3],
			"to": [1, 11, 13],
			"rotation": {"angle": 0, "axis": "y", "origin": [0, 10, 3]},
			"faces": {
				"north": {"uv": [2.5, 5.75, 2.75, 6], "texture": "#0"},
				"east": {"uv": [5.5, 5.5, 8, 5.75], "texture": "#0"},
				"south": {"uv": [5.75, 3.5, 6, 3.75], "texture": "#0"},
				"west": {"uv": [5.75, 0, 8.25, 0.25], "texture": "#0"},
				"up": {"uv": [0.5, 8.25, 0.25, 5.75], "texture": "#0"},
				"down": {"uv": [6, 0.25, 5.75, 2.75], "texture": "#0"}
			}
		},
		{
			"from": [0, 9, 3],
			"to": [0.25, 10, 13],
			"rotation": {"angle": -22.5, "axis": "z", "origin": [0, 9, 3]},
			"faces": {
				"north": {"uv": [5.75, 3.75, 6, 4], "texture": "#0"},
				"east": {"uv": [5.75, 3, 8.25, 3.25], "texture": "#0"},
				"south": {"uv": [5.75, 4, 6, 4.25], "texture": "#0"},
				"west": {"uv": [5.75, 3.25, 8.25, 3.5], "texture": "#0"},
				"up": {"uv": [0.75, 8.25, 0.5, 5.75], "texture": "#0"},
				"down": {"uv": [1, 5.75, 0.75, 8.25], "texture": "#0"}
			}
		},
		{
			"from": [0, 7.9, 3],
			"to": [0.25, 8.9, 13],
			"rotation": {"angle": -22.5, "axis": "z", "origin": [0, 7.9, 3]},
			"faces": {
				"north": {"uv": [5.75, 3.75, 6, 4], "texture": "#0"},
				"east": {"uv": [5.75, 3, 8.25, 3.25], "texture": "#0"},
				"south": {"uv": [5.75, 4, 6, 4.25], "texture": "#0"},
				"west": {"uv": [5.75, 3.25, 8.25, 3.5], "texture": "#0"},
				"up": {"uv": [0.75, 8.25, 0.5, 5.75], "texture": "#0"},
				"down": {"uv": [1, 5.75, 0.75, 8.25], "texture": "#0"}
			}
		},
		{
			"from": [0, 6.8, 3],
			"to": [0.25, 7.8, 13],
			"rotation": {"angle": -22.5, "axis": "z", "origin": [0, 6.8, 3]},
			"faces": {
				"north": {"uv": [5.75, 3.75, 6, 4], "texture": "#0"},
				"east": {"uv": [5.75, 3, 8.25, 3.25], "texture": "#0"},
				"south": {"uv": [5.75, 4, 6, 4.25], "texture": "#0"},
				"west": {"uv": [5.75, 3.25, 8.25, 3.5], "texture": "#0"},
				"up": {"uv": [0.75, 8.25, 0.5, 5.75], "texture": "#0"},
				"down": {"uv": [1, 5.75, 0.75, 8.25], "texture": "#0"}
			}
		},
		{
			"from": [0, 5.7, 3],
			"to": [0.25, 6.7, 13],
			"rotation": {"angle": -22.5, "axis": "z", "origin": [0, 5.7, 3]},
			"faces": {
				"north": {"uv": [5.75, 3.75, 6, 4], "texture": "#0"},
				"east": {"uv": [5.75, 3, 8.25, 3.25], "texture": "#0"},
				"south": {"uv": [5.75, 4, 6, 4.25], "texture": "#0"},
				"west": {"uv": [5.75, 3.25, 8.25, 3.5], "texture": "#0"},
				"up": {"uv": [0.75, 8.25, 0.5, 5.75], "texture": "#0"},
				"down": {"uv": [1, 5.75, 0.75, 8.25], "texture": "#0"}
			}
		},
		{
			"from": [0, 4.6, 3],
			"to": [0.25, 5.6, 13],
			"rotation": {"angle": -22.5, "axis": "z", "origin": [0, 4.6, 3]},
			"faces": {
				"north": {"uv": [5.75, 3.75, 6, 4], "texture": "#0"},
				"east": {"uv": [5.75, 3, 8.25, 3.25], "texture": "#0"},
				"south": {"uv": [5.75, 4, 6, 4.25], "texture": "#0"},
				"west": {"uv": [5.75, 3.25, 8.25, 3.5], "texture": "#0"},
				"up": {"uv": [0.75, 8.25, 0.5, 5.75], "texture": "#0"},
				"down": {"uv": [1, 5.75, 0.75, 8.25], "texture": "#0"}
			}
		},
		{
			"from": [0, 3.5, 3],
			"to": [0.25, 4.5, 13],
			"rotation": {"angle": -22.5, "axis": "z", "origin": [0, 3.5, 3]},
			"faces": {
				"north": {"uv": [5.75, 3.75, 6, 4], "texture": "#0"},
				"east": {"uv": [5.75, 3, 8.25, 3.25], "texture": "#0"},
				"south": {"uv": [5.75, 4, 6, 4.25], "texture": "#0"},
				"west": {"uv": [5.75, 3.25, 8.25, 3.5], "texture": "#0"},
				"up": {"uv": [0.75, 8.25, 0.5, 5.75], "texture": "#0"},
				"down": {"uv": [1, 5.75, 0.75, 8.25], "texture": "#0"}
			}
		},
		{
			"from": [0, 2.4, 3],
			"to": [0.25, 3.4, 13],
			"rotation": {"angle": -22.5, "axis": "z", "origin": [0, 2.4, 3]},
			"faces": {
				"north": {"uv": [5.75, 3.75, 6, 4], "texture": "#0"},
				"east": {"uv": [5.75, 3, 8.25, 3.25], "texture": "#0"},
				"south": {"uv": [5.75, 4, 6, 4.25], "texture": "#0"},
				"west": {"uv": [5.75, 3.25, 8.25, 3.5], "texture": "#0"},
				"up": {"uv": [0.75, 8.25, 0.5, 5.75], "texture": "#0"},
				"down": {"uv": [1, 5.75, 0.75, 8.25], "texture": "#0"}
			}
		},
		{
			"from": [0, 1.3, 3],
			"to": [0.25, 2.3, 13],
			"rotation": {"angle": -22.5, "axis": "z", "origin": [0, 1.3, 3]},
			"faces": {
				"north": {"uv": [5.75, 3.75, 6, 4], "texture": "#0"},
				"east": {"uv": [5.75, 3, 8.25, 3.25], "texture": "#0"},
				"south": {"uv": [5.75, 4, 6, 4.25], "texture": "#0"},
				"west": {"uv": [5.75, 3.25, 8.25, 3.5], "texture": "#0"},
				"up": {"uv": [0.75, 8.25, 0.5, 5.75], "texture": "#0"},
				"down": {"uv": [1, 5.75, 0.75, 8.25], "texture": "#0"}
			}
		},
		{
			"from": [0.8, 1, 3],
			"to": [0.8, 10, 13],
			"rotation": {"angle": 0, "axis": "y", "origin": [-0.2, 9, 3]},
			"faces": {
				"north": {"uv": [0, 0, 0, 2.25], "texture": "#0"},
				"east": {"uv": [3, 0, 5.5, 2.25], "texture": "#0"},
				"south": {"uv": [0, 0, 0, 2.25], "texture": "#0"},
				"west": {"uv": [3, 2.25, 5.5, 4.5], "texture": "#0"},
				"up": {"uv": [0, 2.5, 0, 0], "texture": "#0"},
				"down": {"uv": [0, 0, 0, 2.5], "texture": "#0"}
			}
		}
	]
}