{
    "providers": [
        {
            "type": "bitmap",
            "file": "minecraft:a/cattest.png",
            "ascent": 12,
            "height": 16,
            "chars": ["󎂊"]
        },
         {
            "type": "bitmap",
            "file": "minecraft:a/white.png",
            "ascent": 100,
            "height": 250,
            "chars": ["󎋐"]
        },
        {
            "type": "bitmap",
            "file": "minecraft:a/hahalore.png",
            "ascent": 14,
            "height": 32,
            "chars": ["󎂕"]
        },
        {
            "type": "bitmap",
            "file": "minecraft:a/fishemblem.png",
            "ascent": 14,
            "height": 20,
            "chars": ["󏗄"]
        },
        {
            "type": "bitmap",
            "file": "minecraft:a/skull.png",
            "ascent": 8,
            "height": 10,
            "chars": ["☠"]
        },
        {
            "type": "bitmap",
            "file": "minecraft:a/zarithalhead.png",
            "ascent": 8,
            "height": 10,
            "chars": ["󐸐"]
        },
        {
            "type": "bitmap",
            "file": "minecraft:a/bloodmoon.png",
            "ascent": 8,
            "height": 10,
            "chars": ["󐸑"]
        },
        {
            "type": "bitmap",
            "file": "minecraft:a/explodingcar.png",
            "ascent": 10,
            "height": 14,
            "chars": ["󏆻"]
        },
        {
            "type": "bitmap",
            "file": "minecraft:a/beer.png",
            "ascent": 8,
            "height": 10,
            "chars": ["🍺"]
        },
        {
            "type": "bitmap",
            "file": "minecraft:a/crossbow.png",
            "ascent": 8,
            "height": 10,
            "chars": ["🏹"]
        },
        {
            "type": "bitmap",
            "file": "minecraft:a/luna.png",
            "ascent": 14,
            "height": 20,
            "chars": ["🐱"]
        },
        {
            "type": "bitmap",
            "file": "minecraft:a/julekstupid.png",
            "ascent": 19,
            "height": 20,
            "chars": ["😆"]
        },
        { 
            "type": "bitmap",
            "file": "minecraft:a/warden.png",
            "ascent": 8,
            "height": 9,
            "chars": ["󎅦"]
        },
        { 
            "type": "bitmap",
            "file": "minecraft:a/roll_call.png",
            "ascent": 8,
            "height": 9,
            "chars": ["󏑺"]
        },
        { 
            "type": "bitmap",
            "file": "minecraft:a/lights_out.png",
            "ascent": 8,
            "height": 9,
            "chars": ["󏑻"]
        },
        { 
            "type": "bitmap",
            "file": "minecraft:a/lockdown.png",
            "ascent": 8,
            "height": 9,
            "chars": ["󏑼"]
        },
        { 
            "type": "bitmap",
            "file": "minecraft:a/lunch.png",
            "ascent": 8,
            "height": 9,
            "chars": ["󏑽"]
        },
        { 
            "type": "bitmap",
            "file": "minecraft:a/breakfast.png",
            "ascent": 8,
            "height": 9,
            "chars": ["󏑾"]
        },
        { 
            "type": "bitmap",
            "file": "minecraft:a/dinner.png",
            "ascent": 8,
            "height": 9,
            "chars": ["󏑿"]
        },
        { 
            "type": "bitmap",
            "file": "minecraft:a/job_time.png",
            "ascent": 8,
            "height": 9,
            "chars": ["󏒀"]
        },
        { 
            "type": "bitmap",
            "file": "minecraft:a/free_time.png",
            "ascent": 8,
            "height": 9,
            "chars": ["󏒁"]
        },
        { 
            "type": "bitmap",
            "file": "minecraft:a/blood_moon.png",
            "ascent": 8,
            "height": 9,
            "chars": ["󏒂"]
        },
        { 
            "type": "bitmap",
            "file": "minecraft:a/cell_time.png",
            "ascent": 8,
            "height": 9,
            "chars": ["󏒃"]
        },
        { 
            "type": "bitmap",
            "file": "minecraft:a/contributor.png",
            "ascent": 8,
            "height": 9,
            "chars": ["🏆"]
        },
        { 
            "type": "bitmap",
            "file": "minecraft:a/bald.png",
            "ascent": 8,
            "height": 10,
            "chars": ["񏟝"]
        }
    ]
}
