{
    "providers": [
        {
            "type": "bitmap",
            "file": "minecraft:a/cattest.png",
            "ascent": 12,
            "height": 16,
            "chars": ["󎂊"]
        },
         {
            "type": "bitmap",
            "file": "minecraft:a/white.png",
            "ascent": 100,
            "height": 250,
            "chars": ["󎋐"]
        },
        {
            "type": "bitmap",
            "file": "minecraft:a/hahalore.png",
            "ascent": 14,
            "height": 32,
            "chars": ["󎂕"]
        },
        {
            "type": "bitmap",
            "file": "minecraft:a/fishemblem.png",
            "ascent": 14,
            "height": 20,
            "chars": ["󏗄"]
        },
        {
            "type": "bitmap",
            "file": "minecraft:a/skull.png",
            "ascent": 8,
            "height": 10,
            "chars": ["☠"]
        },
        {
            "type": "bitmap",
            "file": "minecraft:a/zarithalhead.png",
            "ascent": 8,
            "height": 10,
            "chars": ["󐸐"]
        },
        {
            "type": "bitmap",
            "file": "minecraft:a/bloodmoon.png",
            "ascent": 8,
            "height": 10,
            "chars": ["󐸑"]
        },
        {
            "type": "bitmap",
            "file": "minecraft:a/explodingcar.png",
            "ascent": 10,
            "height": 14,
            "chars": ["󏆻"]
        },
        {
            "type": "bitmap",
            "file": "minecraft:a/beer.png",
            "ascent": 8,
            "height": 10,
            "chars": ["🍺"]
        },
        {
            "type": "bitmap",
            "file": "minecraft:a/crossbow.png",
            "ascent": 8,
            "height": 10,
            "chars": ["🏹"]
        },
        {
            "type": "bitmap",
            "file": "minecraft:a/luna.png",
            "ascent": 14,
            "height": 20,
            "chars": ["🐱"]
        },
        {
            "type": "bitmap",
            "file": "minecraft:a/julekstupid.png",
            "ascent": 19,
            "height": 20,
            "chars": ["😆"]
        },
        { 
            "type": "bitmap",
            "file": "minecraft:a/warden.png",
            "ascent": 8,
            "height": 9,
            "chars": ["󎅦"]
        }

    ]
}
