{
	"format_version": "1.21.11",
	"credit": "Made with Blockbench",
	"texture_size": [64, 64],
	"textures": {
		"0": "item/weapons/bat",
		"particle": "item/weapons/bat"
	},
	"elements": [
		{
			"from": [6.25, 0.25, 6.25],
			"to": [9.75, 3.75, 9.75],
			"rotation": {"angle": 0, "axis": "y", "origin": [7, 1, 7]},
			"faces": {
				"north": {"uv": [4.25, 6.5, 5.25, 7.5], "texture": "#0"},
				"east": {"uv": [6.75, 0, 7.75, 1], "texture": "#0"},
				"south": {"uv": [6.75, 1, 7.75, 2], "texture": "#0"},
				"west": {"uv": [6.75, 2, 7.75, 3], "texture": "#0"},
				"up": {"uv": [7.75, 4, 6.75, 3], "texture": "#0"},
				"down": {"uv": [7.75, 4, 6.75, 5], "texture": "#0"}
			}
		},
		{
			"from": [5.75, 25, 5.75],
			"to": [10.25, 28.5, 10.25],
			"rotation": {"angle": 0, "axis": "y", "origin": [7, 25.75, 7]},
			"faces": {
				"north": {"uv": [5.5, 0, 6.75, 1], "texture": "#0"},
				"east": {"uv": [5.5, 1, 6.75, 2], "texture": "#0"},
				"south": {"uv": [5.5, 2, 6.75, 3], "texture": "#0"},
				"west": {"uv": [5.5, 3, 6.75, 4], "texture": "#0"},
				"up": {"uv": [5, 2.5, 3.75, 1.25], "texture": "#0"},
				"down": {"uv": [3.75, 3.75, 2.5, 5], "texture": "#0"}
			}
		},
		{
			"from": [5.75, 12.5, 5.75],
			"to": [10.25, 16, 10.25],
			"rotation": {"angle": 0, "axis": "y", "origin": [7, 13.25, 7]},
			"faces": {
				"north": {"uv": [5.5, 4, 6.75, 5], "texture": "#0"},
				"east": {"uv": [4.25, 5.5, 5.5, 6.5], "texture": "#0"},
				"south": {"uv": [5.5, 5, 6.75, 6], "texture": "#0"},
				"west": {"uv": [5.5, 6, 6.75, 7], "texture": "#0"},
				"up": {"uv": [5, 3.75, 3.75, 2.5], "texture": "#0"},
				"down": {"uv": [5, 3.75, 3.75, 5], "texture": "#0"}
			}
		},
		{
			"from": [6.25, 12.25, 6.25],
			"to": [9.75, 12.75, 9.75],
			"rotation": {"angle": 0, "axis": "y", "origin": [7, 13, 7]},
			"faces": {
				"north": {"uv": [4.25, 7.5, 5.25, 7.75], "texture": "#0"},
				"east": {"uv": [7.25, 7.5, 8.25, 7.75], "texture": "#0"},
				"south": {"uv": [7.75, 0, 8.75, 0.25], "texture": "#0"},
				"west": {"uv": [7.75, 0.25, 8.75, 0.5], "texture": "#0"},
				"up": {"uv": [7.75, 6, 6.75, 5], "texture": "#0"},
				"down": {"uv": [7.75, 6, 6.75, 7], "texture": "#0"}
			}
		},
		{
			"from": [6.25, 28.25, 6.25],
			"to": [9.75, 28.75, 9.75],
			"rotation": {"angle": 0, "axis": "y", "origin": [7, 29, 7]},
			"faces": {
				"north": {"uv": [7.75, 0.5, 8.75, 0.75], "texture": "#0"},
				"east": {"uv": [7.75, 0.75, 8.75, 1], "texture": "#0"},
				"south": {"uv": [1, 7.75, 2, 8], "texture": "#0"},
				"west": {"uv": [7.75, 1, 8.75, 1.25], "texture": "#0"},
				"up": {"uv": [6.25, 8, 5.25, 7], "texture": "#0"},
				"down": {"uv": [7.25, 7, 6.25, 8], "texture": "#0"}
			}
		},
		{
			"from": [7, 3.75, 7],
			"to": [9, 14.75, 9],
			"rotation": {"angle": 0, "axis": "y", "origin": [7, 3.75, 7]},
			"faces": {
				"north": {"uv": [5, 0, 5.5, 2.75], "texture": "#0"},
				"east": {"uv": [1.25, 5, 1.75, 7.75], "texture": "#0"},
				"south": {"uv": [1.75, 5, 2.25, 7.75], "texture": "#0"},
				"west": {"uv": [2.25, 5, 2.75, 7.75], "texture": "#0"},
				"up": {"uv": [4.75, 5.5, 4.25, 5], "texture": "#0"},
				"down": {"uv": [7.75, 7, 7.25, 7.5], "texture": "#0"}
			}
		},
		{
			"from": [7, 3.75, 7],
			"to": [9, 14.75, 9],
			"rotation": {"angle": 0, "axis": "y", "origin": [7, 3.75, 7]},
			"faces": {
				"north": {"uv": [2.75, 5, 3.25, 7.75], "texture": "#0"},
				"east": {"uv": [5, 2.75, 5.5, 5.5], "texture": "#0"},
				"south": {"uv": [3.25, 5, 3.75, 7.75], "texture": "#0"},
				"west": {"uv": [3.75, 5, 4.25, 7.75], "texture": "#0"},
				"up": {"uv": [0.5, 8, 0, 7.5], "texture": "#0"},
				"down": {"uv": [1, 7.5, 0.5, 8], "texture": "#0"}
			}
		},
		{
			"from": [5.5, 13, 5.5],
			"to": [10.5, 28, 10.5],
			"rotation": {"angle": 0, "axis": "y", "origin": [7, 13, 7]},
			"faces": {
				"north": {"uv": [0, 0, 1.25, 3.75], "texture": "#0"},
				"east": {"uv": [1.25, 0, 2.5, 3.75], "texture": "#0"},
				"south": {"uv": [2.5, 0, 3.75, 3.75], "texture": "#0"},
				"west": {"uv": [0, 3.75, 1.25, 7.5], "texture": "#0"},
				"up": {"uv": [5, 1.25, 3.75, 0], "texture": "#0"},
				"down": {"uv": [2.5, 3.75, 1.25, 5], "texture": "#0"}
			}
		}
	],
	"display": {
		"thirdperson_righthand": {
			"translation": [0, -1.5, 1.5],
			"scale": [0.68945, 0.68945, 0.68945]
		},
		"thirdperson_lefthand": {
			"translation": [0, -1.5, 1.5],
			"scale": [0.68945, 0.68945, 0.68945]
		},
		"firstperson_righthand": {
			"translation": [0, 4.5, 1.5],
			"scale": [0.44727, 0.44727, 0.44727]
		},
		"firstperson_lefthand": {
			"translation": [0, 4.5, 1.5],
			"scale": [0.44727, 0.44727, 0.44727]
		},
		"ground": {
			"translation": [0, 4, 0]
		},
		"gui": {
			"rotation": [0, 0, -45],
			"translation": [-3.5, -3.5, 0],
			"scale": [0.62695, 0.62695, 0.62695]
		},
		"head": {
			"translation": [0, 14, 0]
		},
		"fixed": {
			"rotation": [0, 0, 45],
			"translation": [3.75, -3.75, 0],
			"scale": [0.76367, 0.76367, 0.76367]
		}
	}
}