{
	"format_version": "1.21.6",
	"credit": "Made with Blockbench",
	"texture_size": [64, 64],
	"textures": {
		"0": "item/weapons/vampiric_fang",
		"particle": "item/weapons/vampiric_fang"
	},
	"elements": [
		{
			"from": [5.075, 10.25, 7],
			"to": [10.925, 10.75, 9],
			"rotation": {"angle": 0, "axis": "y", "origin": [7, 9.5, 7]},
			"faces": {
				"north": {"uv": [3.25, 1.5, 5, 1.75], "texture": "#0"},
				"east": {"uv": [1, 4.75, 1.5, 5], "texture": "#0"},
				"south": {"uv": [3.25, 1.75, 5, 2], "texture": "#0"},
				"west": {"uv": [1.5, 4.75, 2, 5], "texture": "#0"},
				"up": {"uv": [1.75, 2, 0, 1.5], "texture": "#0"},
				"down": {"uv": [3.25, 0, 1.5, 0.5], "texture": "#0"}
			}
		},
		{
			"from": [3, 10.475, 7.2],
			"to": [4.75, 10.975, 8.8],
			"rotation": {"angle": -30.5, "axis": "z", "origin": [4.5, 9.725, 7]},
			"faces": {
				"north": {"uv": [2, 4.75, 2.5, 5], "texture": "#0"},
				"east": {"uv": [4.75, 2.5, 5.25, 2.75], "texture": "#0"},
				"south": {"uv": [2.75, 4.75, 3.25, 5], "texture": "#0"},
				"west": {"uv": [4.75, 2.75, 5.25, 3], "texture": "#0"},
				"up": {"uv": [4.75, 4.5, 4.25, 4], "texture": "#0"},
				"down": {"uv": [5, 0, 4.5, 0.5], "texture": "#0"}
			}
		},
		{
			"from": [3.07007, 11.1535, 7.35],
			"to": [3.57007, 12.4035, 8.65],
			"rotation": {"angle": 33.5, "axis": "z", "origin": [3.32007, 12.0285, 8]},
			"faces": {
				"north": {"uv": [2.5, 5.25, 2.75, 5.5], "texture": "#0"},
				"east": {"uv": [0, 5, 0.5, 5.25], "texture": "#0"},
				"south": {"uv": [5.25, 2.5, 5.5, 2.75], "texture": "#0"},
				"west": {"uv": [5, 0, 5.5, 0.25], "texture": "#0"},
				"up": {"uv": [5.25, 0.75, 5, 0.25], "texture": "#0"},
				"down": {"uv": [0.75, 5, 0.5, 5.5], "texture": "#0"}
			}
		},
		{
			"from": [2.9, 12.16421, 7.525],
			"to": [3.4, 13.16421, 8.475],
			"rotation": {"angle": 0, "axis": "z", "origin": [3.15, 12.66421, 8]},
			"faces": {
				"north": {"uv": [1.5, 5.25, 1.75, 5.5], "texture": "#0"},
				"east": {"uv": [4.75, 3.25, 5.25, 3.5], "texture": "#0"},
				"south": {"uv": [1.75, 5.25, 2, 5.5], "texture": "#0"},
				"west": {"uv": [4.75, 3.5, 5.25, 3.75], "texture": "#0"},
				"up": {"uv": [4, 5.25, 3.75, 4.75], "texture": "#0"},
				"down": {"uv": [5, 3.75, 4.75, 4.25], "texture": "#0"}
			}
		},
		{
			"from": [3.075, 13.01421, 7.75],
			"to": [3.575, 14.01421, 8.25],
			"rotation": {"angle": -22.5, "axis": "z", "origin": [3.325, 13.51421, 8]},
			"faces": {
				"north": {"uv": [5.25, 2, 5.5, 2.25], "texture": "#0"},
				"east": {"uv": [4, 4.75, 4.5, 5], "texture": "#0"},
				"south": {"uv": [5.25, 2.25, 5.5, 2.5], "texture": "#0"},
				"west": {"uv": [4.75, 4.25, 5.25, 4.5], "texture": "#0"},
				"up": {"uv": [4.75, 5.25, 4.5, 4.75], "texture": "#0"},
				"down": {"uv": [5, 4.5, 4.75, 5], "texture": "#0"}
			}
		},
		{
			"from": [11.25, 10.475, 7.2],
			"to": [13, 10.975, 8.8],
			"rotation": {"angle": 30.5, "axis": "z", "origin": [11.5, 9.725, 7]},
			"faces": {
				"north": {"uv": [2.5, 4.75, 2, 5], "texture": "#0"},
				"east": {"uv": [5.25, 2.75, 4.75, 3], "texture": "#0"},
				"south": {"uv": [3.25, 4.75, 2.75, 5], "texture": "#0"},
				"west": {"uv": [5.25, 2.5, 4.75, 2.75], "texture": "#0"},
				"up": {"uv": [4.25, 4.5, 4.75, 4], "texture": "#0"},
				"down": {"uv": [4.5, 0, 5, 0.5], "texture": "#0"}
			}
		},
		{
			"from": [12.42993, 11.1535, 7.35],
			"to": [12.92993, 12.4035, 8.65],
			"rotation": {"angle": -33.5, "axis": "z", "origin": [12.67993, 12.0285, 8]},
			"faces": {
				"north": {"uv": [2.75, 5.25, 2.5, 5.5], "texture": "#0"},
				"east": {"uv": [5.5, 0, 5, 0.25], "texture": "#0"},
				"south": {"uv": [5.5, 2.5, 5.25, 2.75], "texture": "#0"},
				"west": {"uv": [0.5, 5, 0, 5.25], "texture": "#0"},
				"up": {"uv": [5, 0.75, 5.25, 0.25], "texture": "#0"},
				"down": {"uv": [0.5, 5, 0.75, 5.5], "texture": "#0"}
			}
		},
		{
			"from": [12.6, 12.16421, 7.525],
			"to": [13.1, 13.16421, 8.475],
			"rotation": {"angle": 0, "axis": "z", "origin": [12.85, 12.66421, 8]},
			"faces": {
				"north": {"uv": [1.75, 5.25, 1.5, 5.5], "texture": "#0"},
				"east": {"uv": [5.25, 3.5, 4.75, 3.75], "texture": "#0"},
				"south": {"uv": [2, 5.25, 1.75, 5.5], "texture": "#0"},
				"west": {"uv": [5.25, 3.25, 4.75, 3.5], "texture": "#0"},
				"up": {"uv": [3.75, 5.25, 4, 4.75], "texture": "#0"},
				"down": {"uv": [4.75, 3.75, 5, 4.25], "texture": "#0"}
			}
		},
		{
			"from": [12.425, 13.01421, 7.75],
			"to": [12.925, 14.01421, 8.25],
			"rotation": {"angle": 22.5, "axis": "z", "origin": [12.675, 13.51421, 8]},
			"faces": {
				"north": {"uv": [5.5, 2, 5.25, 2.25], "texture": "#0"},
				"east": {"uv": [5.25, 4.25, 4.75, 4.5], "texture": "#0"},
				"south": {"uv": [5.5, 2.25, 5.25, 2.5], "texture": "#0"},
				"west": {"uv": [4.5, 4.75, 4, 5], "texture": "#0"},
				"up": {"uv": [4.5, 5.25, 4.75, 4.75], "texture": "#0"},
				"down": {"uv": [4.75, 4.5, 5, 5], "texture": "#0"}
			}
		},
		{
			"from": [8.5, 10.75, 7.575],
			"to": [10, 16.75, 8.425],
			"rotation": {"angle": 0, "axis": "y", "origin": [8, 10.75, 7]},
			"faces": {
				"north": {"uv": [1.75, 0.5, 2.25, 2], "texture": "#0"},
				"east": {"uv": [0, 2, 0.5, 3.5], "texture": "#0"},
				"south": {"uv": [0.5, 2, 1, 3.5], "texture": "#0"},
				"west": {"uv": [1, 2, 1.5, 3.5], "texture": "#0"},
				"up": {"uv": [4.5, 3, 4.25, 2.75], "texture": "#0"},
				"down": {"uv": [4.5, 2.75, 4.25, 3], "texture": "#0"}
			}
		},
		{
			"from": [7.25, 10.75, 7.825],
			"to": [8.75, 16.75, 8.175],
			"rotation": {"angle": 0, "axis": "y", "origin": [6.75, 10.75, 7]},
			"faces": {
				"north": {"uv": [2.75, 0.5, 3.25, 2], "texture": "#0"},
				"east": {"uv": [3.25, 2, 3.5, 3.5], "texture": "#0"},
				"south": {"uv": [3, 2, 3.5, 3.5], "texture": "#0"},
				"west": {"uv": [3, 2, 3.25, 3.5], "texture": "#0"},
				"up": {"uv": [3.5, 3.25, 3, 3], "texture": "#0"},
				"down": {"uv": [3.5, 2.5, 3, 2.75], "texture": "#0"}
			}
		},
		{
			"from": [9.1, 15.35, 7.574],
			"to": [10.575, 16.7, 8.426],
			"rotation": {"angle": 45, "axis": "z", "origin": [8.6, 15.35, 7]},
			"faces": {
				"north": {"uv": [1.5, 3.5, 2, 4], "texture": "#0"},
				"east": {"uv": [0.5, 4.25, 1, 4.75], "texture": "#0"},
				"south": {"uv": [1.25, 3.75, 1.75, 4.25], "texture": "#0"},
				"west": {"uv": [1.5, 4.25, 2, 4.75], "texture": "#0"},
				"up": {"uv": [2.5, 4.75, 2, 4.25], "texture": "#0"},
				"down": {"uv": [4.5, 2.75, 4.25, 3], "texture": "#0"}
			}
		},
		{
			"from": [8.125, 16.275, 7.575],
			"to": [9.6, 17.77, 8.426],
			"rotation": {"angle": 45, "axis": "z", "origin": [7.625, 16.325, 7]},
			"faces": {
				"north": {"uv": [0.25, 5.5, 0.75, 6], "texture": "#0"},
				"east": {"uv": [0.5, 4.25, 1, 4.75], "texture": "#0"},
				"south": {"uv": [0.75, 5.5, 1.25, 6], "texture": "#0"},
				"west": {"uv": [1.5, 4.25, 2, 4.75], "texture": "#0"},
				"up": {"uv": [2.5, 4.75, 2, 4.25], "texture": "#0"},
				"down": {"uv": [4.5, 2.75, 4.25, 3], "texture": "#0"}
			}
		},
		{
			"from": [5.425, 15.35, 7.574],
			"to": [6.9, 16.7, 8.426],
			"rotation": {"angle": -45, "axis": "z", "origin": [7.4, 15.35, 7]},
			"faces": {
				"north": {"uv": [1, 4.25, 1.5, 4.75], "texture": "#0"},
				"east": {"uv": [1, 3.5, 1.5, 4.25], "texture": "#0"},
				"south": {"uv": [1.5, 3.5, 2, 4], "texture": "#0"},
				"west": {"uv": [2, 3.5, 2.5, 4.25], "texture": "#0"},
				"up": {"uv": [4.5, 3, 4.25, 2.75], "texture": "#0"},
				"down": {"uv": [4.75, 3.5, 4.5, 3.75], "texture": "#0"}
			}
		},
		{
			"from": [6, 10.75, 7.575],
			"to": [7.5, 16.75, 8.425],
			"rotation": {"angle": 0, "axis": "y", "origin": [8, 10.75, 7]},
			"faces": {
				"north": {"uv": [1.5, 2, 2, 3.5], "texture": "#0"},
				"east": {"uv": [2, 2, 2.5, 3.5], "texture": "#0"},
				"south": {"uv": [2.25, 0.5, 2.75, 2], "texture": "#0"},
				"west": {"uv": [2.5, 2, 3, 3.5], "texture": "#0"},
				"up": {"uv": [4.75, 3.75, 4.5, 3.5], "texture": "#0"},
				"down": {"uv": [4.75, 3.5, 4.5, 3.75], "texture": "#0"}
			}
		},
		{
			"from": [5.425, 11.025, 7.6],
			"to": [6.15, 11.525, 8.4],
			"rotation": {"angle": 22.5, "axis": "z", "origin": [6.65, 11.025, 7]},
			"faces": {
				"north": {"uv": [4, 5.25, 4.25, 5.5], "texture": "#0"},
				"east": {"uv": [4.5, 3.75, 4.75, 3.5], "texture": "#0"},
				"south": {"uv": [4.25, 5.25, 4.5, 5.5], "texture": "#0"},
				"west": {"uv": [5, 4.75, 5.5, 5], "texture": "#0"},
				"up": {"uv": [3.75, 5.5, 3.5, 5], "texture": "#0"},
				"down": {"uv": [4.5, 2.75, 4.25, 3], "texture": "#0"}
			}
		},
		{
			"from": [9.85, 11.025, 7.6],
			"to": [10.575, 11.525, 8.4],
			"rotation": {"angle": -22.5, "axis": "z", "origin": [9.35, 11.025, 7]},
			"faces": {
				"north": {"uv": [0.25, 5.25, 0.5, 5.5], "texture": "#0"},
				"east": {"uv": [4.25, 4.5, 4.75, 4.75], "texture": "#0"},
				"south": {"uv": [5.25, 1.25, 5.5, 1.5], "texture": "#0"},
				"west": {"uv": [4.25, 2.75, 4.5, 3], "texture": "#0"},
				"up": {"uv": [1.75, 1, 1.5, 0.5], "texture": "#0"},
				"down": {"uv": [4.5, 2.75, 4.25, 3], "texture": "#0"}
			}
		},
		{
			"from": [6.75, 4.25, 7.25],
			"to": [9.25, 10.25, 8.75],
			"rotation": {"angle": 0, "axis": "y", "origin": [7, 8.25, 7]},
			"faces": {
				"north": {"uv": [0, 0, 0.75, 1.5], "texture": "#0"},
				"east": {"uv": [3.25, 0, 3.75, 1.5], "texture": "#0"},
				"south": {"uv": [0.75, 0, 1.5, 1.5], "texture": "#0"},
				"west": {"uv": [0, 3.5, 0.5, 5], "texture": "#0"},
				"up": {"uv": [3.5, 4, 2.75, 3.5], "texture": "#0"},
				"down": {"uv": [4.25, 3.5, 3.5, 4], "texture": "#0"}
			}
		},
		{
			"from": [6.6, 4.1, 7.1],
			"to": [9.4, 5.25, 8.9],
			"rotation": {"angle": 0, "axis": "y", "origin": [7, 8.25, 7]},
			"faces": {
				"north": {"uv": [4.5, 2, 5.25, 2.25], "texture": "#0"},
				"east": {"uv": [5.25, 0.25, 5.75, 0.5], "texture": "#0"},
				"south": {"uv": [4.5, 2.25, 5.25, 2.5], "texture": "#0"},
				"west": {"uv": [5.25, 0.5, 5.75, 0.75], "texture": "#0"},
				"up": {"uv": [4.5, 0.5, 3.75, 0], "texture": "#0"},
				"down": {"uv": [4.5, 0.5, 3.75, 1], "texture": "#0"}
			}
		},
		{
			"from": [6.65, 10.1, 7.15],
			"to": [9.35, 10.4, 8.85],
			"rotation": {"angle": 0, "axis": "y", "origin": [7, 13.25, 7]},
			"faces": {
				"north": {"uv": [2.75, 4.5, 3.5, 4.75], "texture": "#0"},
				"east": {"uv": [0.75, 5.25, 1.25, 5.5], "texture": "#0"},
				"south": {"uv": [3.5, 4.5, 4.25, 4.75], "texture": "#0"},
				"west": {"uv": [5.25, 1, 5.75, 1.25], "texture": "#0"},
				"up": {"uv": [4.5, 1.5, 3.75, 1], "texture": "#0"},
				"down": {"uv": [4.5, 2, 3.75, 2.5], "texture": "#0"}
			}
		}
	],
	"display": {
		"thirdperson_righthand": {
			"rotation": [0, 90, 0],
			"translation": [0, 0, 1.5]
		},
		"thirdperson_lefthand": {
			"rotation": [0, 90, 0],
			"translation": [0, 0, 1.5]
		},
		"firstperson_righthand": {
			"rotation": [35.07, -86.59, 21.94],
			"translation": [0.25, 1.5, 0.5],
			"scale": [0.67774, 0.67774, 0.67774]
		},
		"firstperson_lefthand": {
			"rotation": [35.07, -86.59, 21.94],
			"translation": [0.25, 1.5, 0.5],
			"scale": [0.67774, 0.67774, 0.67774]
		},
		"gui": {
			"rotation": [0, 0, -45],
			"translation": [-2.75, -2.75, 0],
			"scale": [1.36329, 1.36329, 1.36329]
		},
		"head": {
			"translation": [0, 10, 0]
		},
		"fixed": {
			"translation": [0, -3.25, 0]
		}
	}
}