{
	"format_version": "1.21.6",
	"credit": "Made with Blockbench",
	"texture_size": [64, 64],
	"textures": {
		"0": "item/weapons/vampiric_staff",
		"particle": "item/weapons/vampiric_staff"
	},
	"elements": [
		{
			"from": [7, 0, 7],
			"to": [9, 16, 9],
			"rotation": {"angle": 0, "axis": "y", "origin": [7, 5, 7]},
			"faces": {
				"north": {"uv": [0, 0, 0.5, 4], "texture": "#0"},
				"east": {"uv": [0.5, 0, 1, 4], "texture": "#0"},
				"south": {"uv": [1, 0, 1.5, 4], "texture": "#0"},
				"west": {"uv": [1.5, 0, 2, 4], "texture": "#0"},
				"up": {"uv": [3.5, 2, 3, 1.5], "texture": "#0"},
				"down": {"uv": [3.25, 3.75, 2.75, 4.25], "texture": "#0"}
			}
		},
		{
			"from": [6.575, 9.25, 6.75],
			"to": [10.575, 13.25, 9.25],
			"rotation": {"angle": -45, "axis": "z", "origin": [6.575, 11.25, 7]},
			"faces": {
				"north": {"uv": [2, 0, 3, 1], "texture": "#0"},
				"east": {"uv": [2, 2, 2.75, 3], "texture": "#0"},
				"south": {"uv": [2, 1, 3, 2], "texture": "#0"},
				"west": {"uv": [2.75, 2, 3.5, 3], "texture": "#0"},
				"up": {"uv": [4, 0.75, 3, 0], "texture": "#0"},
				"down": {"uv": [4, 0.75, 3, 1.5], "texture": "#0"}
			}
		},
		{
			"from": [5.93553, 14.87304, 7],
			"to": [7.93553, 15.87304, 9],
			"rotation": {"angle": -13.25, "axis": "z", "origin": [8, 18.67457, 8]},
			"faces": {
				"north": {"uv": [6.25, 4.75, 6.75, 5], "texture": "#0"},
				"east": {"uv": [0, 6.5, 0.5, 6.75], "texture": "#0"},
				"south": {"uv": [6.5, 0, 7, 0.25], "texture": "#0"},
				"west": {"uv": [6.5, 0.25, 7, 0.5], "texture": "#0"},
				"up": {"uv": [1, 4.5, 0.5, 4], "texture": "#0"},
				"down": {"uv": [4.5, 0.5, 4, 1], "texture": "#0"}
			}
		},
		{
			"from": [4.99512, 14.4683, 7],
			"to": [6.99512, 15.4683, 9],
			"rotation": {"angle": -28.25, "axis": "z", "origin": [8, 18.67457, 8]},
			"faces": {
				"north": {"uv": [6.25, 3.75, 6.75, 4], "texture": "#0"},
				"east": {"uv": [6.25, 4, 6.75, 4.25], "texture": "#0"},
				"south": {"uv": [6.25, 4.25, 6.75, 4.5], "texture": "#0"},
				"west": {"uv": [6.25, 4.5, 6.75, 4.75], "texture": "#0"},
				"up": {"uv": [0.5, 4.5, 0, 4], "texture": "#0"},
				"down": {"uv": [4.5, 0, 4, 0.5], "texture": "#0"}
			}
		},
		{
			"from": [2.8534, 19.17548, 7],
			"to": [3.8534, 21.17548, 9],
			"rotation": {"angle": 31.75, "axis": "z", "origin": [8, 18.67457, 8]},
			"faces": {
				"north": {"uv": [3.25, 6.25, 3.5, 6.75], "texture": "#0"},
				"east": {"uv": [3.25, 3.75, 3.75, 4.25], "texture": "#0"},
				"south": {"uv": [6.25, 3.25, 6.5, 3.75], "texture": "#0"},
				"west": {"uv": [3.75, 3.75, 4.25, 4.25], "texture": "#0"},
				"up": {"uv": [3.75, 6.75, 3.5, 6.25], "texture": "#0"},
				"down": {"uv": [4, 6.25, 3.75, 6.75], "texture": "#0"}
			}
		},
		{
			"from": [2.307, 18.093, 7],
			"to": [3.307, 21.093, 9],
			"rotation": {"angle": 0, "axis": "y", "origin": [8, 18.67457, 8]},
			"faces": {
				"north": {"uv": [2.5, 4.5, 2.75, 4.75], "texture": "#0"},
				"east": {"uv": [2.5, 6.25, 3, 6.5], "texture": "#0"},
				"south": {"uv": [4, 4.75, 4.25, 5], "texture": "#0"},
				"west": {"uv": [6.25, 2.5, 6.75, 2.75], "texture": "#0"},
				"up": {"uv": [6.5, 3.25, 6.25, 2.75], "texture": "#0"},
				"down": {"uv": [3.25, 6.25, 3, 6.75], "texture": "#0"}
			}
		},
		{
			"from": [12.693, 18.093, 7],
			"to": [13.693, 21.093, 9],
			"rotation": {"angle": 0, "axis": "y", "origin": [8, 18.67457, 8]},
			"faces": {
				"north": {"uv": [2, 8.25, 2.25, 8.5], "texture": "#0"},
				"east": {"uv": [4, 6.5, 4.5, 6.75], "texture": "#0"},
				"south": {"uv": [2.25, 8.25, 2.5, 8.5], "texture": "#0"},
				"west": {"uv": [4.5, 6.5, 5, 6.75], "texture": "#0"},
				"up": {"uv": [5.25, 7, 5, 6.5], "texture": "#0"},
				"down": {"uv": [6.75, 5, 6.5, 5.5], "texture": "#0"}
			}
		},
		{
			"from": [12.1466, 19.17548, 7],
			"to": [13.1466, 21.17548, 9],
			"rotation": {"angle": -31.75, "axis": "z", "origin": [8, 18.67457, 8]},
			"faces": {
				"north": {"uv": [2.5, 6.5, 2.75, 7], "texture": "#0"},
				"east": {"uv": [4.25, 2, 4.75, 2.5], "texture": "#0"},
				"south": {"uv": [2.75, 6.5, 3, 7], "texture": "#0"},
				"west": {"uv": [4.25, 2.5, 4.75, 3], "texture": "#0"},
				"up": {"uv": [6.75, 3.25, 6.5, 2.75], "texture": "#0"},
				"down": {"uv": [6.75, 3.25, 6.5, 3.75], "texture": "#0"}
			}
		},
		{
			"from": [9.00488, 14.4683, 7],
			"to": [11.00488, 15.4683, 9],
			"rotation": {"angle": 28.25, "axis": "z", "origin": [8, 18.67457, 8]},
			"faces": {
				"north": {"uv": [6.5, 1, 7, 1.25], "texture": "#0"},
				"east": {"uv": [6.5, 1.25, 7, 1.5], "texture": "#0"},
				"south": {"uv": [1.5, 6.5, 2, 6.75], "texture": "#0"},
				"west": {"uv": [2, 6.5, 2.5, 6.75], "texture": "#0"},
				"up": {"uv": [2, 4.5, 1.5, 4], "texture": "#0"},
				"down": {"uv": [4.75, 1.5, 4.25, 2], "texture": "#0"}
			}
		},
		{
			"from": [8.06447, 14.87304, 7],
			"to": [10.06447, 15.87304, 9],
			"rotation": {"angle": 13.25, "axis": "z", "origin": [8, 18.67457, 8]},
			"faces": {
				"north": {"uv": [0.5, 6.5, 1, 6.75], "texture": "#0"},
				"east": {"uv": [6.5, 0.5, 7, 0.75], "texture": "#0"},
				"south": {"uv": [6.5, 0.75, 7, 1], "texture": "#0"},
				"west": {"uv": [1, 6.5, 1.5, 6.75], "texture": "#0"},
				"up": {"uv": [1.5, 4.5, 1, 4], "texture": "#0"},
				"down": {"uv": [4.5, 1, 4, 1.5], "texture": "#0"}
			}
		},
		{
			"from": [7, 18.093, 2.307],
			"to": [9, 21.093, 3.307],
			"rotation": {"angle": 0, "axis": "y", "origin": [8, 18.67457, 8]},
			"faces": {
				"north": {"uv": [6.75, 4.75, 7.25, 5], "texture": "#0"},
				"east": {"uv": [8.25, 2.5, 8.5, 2.75], "texture": "#0"},
				"south": {"uv": [6.75, 5, 7.25, 5.25], "texture": "#0"},
				"west": {"uv": [2.75, 8.25, 3, 8.5], "texture": "#0"},
				"up": {"uv": [5.75, 7, 5.25, 6.75], "texture": "#0"},
				"down": {"uv": [7.25, 5.25, 6.75, 5.5], "texture": "#0"}
			}
		},
		{
			"from": [7, 19.17548, 2.8534],
			"to": [9, 21.17548, 3.8534],
			"rotation": {"angle": -31.75, "axis": "x", "origin": [8, 18.67457, 8]},
			"faces": {
				"north": {"uv": [1, 4.5, 1.5, 5], "texture": "#0"},
				"east": {"uv": [4, 6.75, 4.25, 7.25], "texture": "#0"},
				"south": {"uv": [4.5, 1, 5, 1.5], "texture": "#0"},
				"west": {"uv": [6.75, 4, 7, 4.5], "texture": "#0"},
				"up": {"uv": [4.75, 7, 4.25, 6.75], "texture": "#0"},
				"down": {"uv": [7.25, 4.5, 6.75, 4.75], "texture": "#0"}
			}
		},
		{
			"from": [7, 14.4683, 4.99512],
			"to": [9, 15.4683, 6.99512],
			"rotation": {"angle": 28.25, "axis": "x", "origin": [8, 18.67457, 8]},
			"faces": {
				"north": {"uv": [6.75, 3.25, 7.25, 3.5], "texture": "#0"},
				"east": {"uv": [3.5, 6.75, 4, 7], "texture": "#0"},
				"south": {"uv": [6.75, 3.5, 7.25, 3.75], "texture": "#0"},
				"west": {"uv": [6.75, 3.75, 7.25, 4], "texture": "#0"},
				"up": {"uv": [1, 5, 0.5, 4.5], "texture": "#0"},
				"down": {"uv": [5, 0.5, 4.5, 1], "texture": "#0"}
			}
		},
		{
			"from": [7, 14.87304, 5.93553],
			"to": [9, 15.87304, 7.93553],
			"rotation": {"angle": 13.25, "axis": "x", "origin": [8, 18.67457, 8]},
			"faces": {
				"north": {"uv": [6.75, 2.5, 7.25, 2.75], "texture": "#0"},
				"east": {"uv": [6.75, 2.75, 7.25, 3], "texture": "#0"},
				"south": {"uv": [3, 6.75, 3.5, 7], "texture": "#0"},
				"west": {"uv": [6.75, 3, 7.25, 3.25], "texture": "#0"},
				"up": {"uv": [0.5, 5, 0, 4.5], "texture": "#0"},
				"down": {"uv": [5, 0, 4.5, 0.5], "texture": "#0"}
			}
		},
		{
			"from": [7, 14.87304, 8.06447],
			"to": [9, 15.87304, 10.06447],
			"rotation": {"angle": -13.25, "axis": "x", "origin": [8, 18.67457, 8]},
			"faces": {
				"north": {"uv": [6.75, 1.75, 7.25, 2], "texture": "#0"},
				"east": {"uv": [2, 6.75, 2.5, 7], "texture": "#0"},
				"south": {"uv": [6.75, 2, 7.25, 2.25], "texture": "#0"},
				"west": {"uv": [6.75, 2.25, 7.25, 2.5], "texture": "#0"},
				"up": {"uv": [4.25, 4.75, 3.75, 4.25], "texture": "#0"},
				"down": {"uv": [4.75, 4, 4.25, 4.5], "texture": "#0"}
			}
		},
		{
			"from": [7, 14.4683, 9.00488],
			"to": [9, 15.4683, 11.00488],
			"rotation": {"angle": -28.25, "axis": "x", "origin": [8, 18.67457, 8]},
			"faces": {
				"north": {"uv": [0.5, 6.75, 1, 7], "texture": "#0"},
				"east": {"uv": [1, 6.75, 1.5, 7], "texture": "#0"},
				"south": {"uv": [1.5, 6.75, 2, 7], "texture": "#0"},
				"west": {"uv": [6.75, 1.5, 7.25, 1.75], "texture": "#0"},
				"up": {"uv": [3.75, 4.75, 3.25, 4.25], "texture": "#0"},
				"down": {"uv": [4.75, 3.5, 4.25, 4], "texture": "#0"}
			}
		},
		{
			"from": [7, 19.17548, 12.1466],
			"to": [9, 21.17548, 13.1466],
			"rotation": {"angle": 31.75, "axis": "x", "origin": [8, 18.67457, 8]},
			"faces": {
				"north": {"uv": [2.75, 4.25, 3.25, 4.75], "texture": "#0"},
				"east": {"uv": [6.5, 6, 6.75, 6.5], "texture": "#0"},
				"south": {"uv": [4.25, 3, 4.75, 3.5], "texture": "#0"},
				"west": {"uv": [6.25, 6.5, 6.5, 7], "texture": "#0"},
				"up": {"uv": [7, 6.75, 6.5, 6.5], "texture": "#0"},
				"down": {"uv": [0.5, 6.75, 0, 7], "texture": "#0"}
			}
		},
		{
			"from": [1.90576, 17.70502, 7],
			"to": [2.90576, 19.70502, 9],
			"rotation": {"angle": -31.75, "axis": "z", "origin": [8, 18.67457, 8]},
			"faces": {
				"north": {"uv": [3.25, 6.75, 3.5, 6.25], "texture": "#0"},
				"east": {"uv": [3.25, 4.25, 3.75, 3.75], "texture": "#0"},
				"south": {"uv": [6.25, 3.75, 6.5, 3.25], "texture": "#0"},
				"west": {"uv": [3.75, 4.25, 4.25, 3.75], "texture": "#0"},
				"up": {"uv": [4, 6.75, 3.75, 6.25], "texture": "#0"},
				"down": {"uv": [3.75, 6.25, 3.5, 6.75], "texture": "#0"}
			}
		},
		{
			"from": [7, 17.70502, 13.09424],
			"to": [9, 19.70502, 14.09424],
			"rotation": {"angle": -31.75, "axis": "x", "origin": [8, 18.67457, 8]},
			"faces": {
				"north": {"uv": [2.75, 4.75, 3.25, 4.25], "texture": "#0"},
				"east": {"uv": [6.5, 6.5, 6.75, 6], "texture": "#0"},
				"south": {"uv": [4.25, 3.5, 4.75, 3], "texture": "#0"},
				"west": {"uv": [6.25, 7, 6.5, 6.5], "texture": "#0"},
				"up": {"uv": [0.5, 7, 0, 6.75], "texture": "#0"},
				"down": {"uv": [7, 6.5, 6.5, 6.75], "texture": "#0"}
			}
		},
		{
			"from": [7, 17.70502, 1.90576],
			"to": [9, 19.70502, 2.90576],
			"rotation": {"angle": 31.75, "axis": "x", "origin": [8, 18.67457, 8]},
			"faces": {
				"north": {"uv": [1, 5, 1.5, 4.5], "texture": "#0"},
				"east": {"uv": [4, 7.25, 4.25, 6.75], "texture": "#0"},
				"south": {"uv": [4.5, 1.5, 5, 1], "texture": "#0"},
				"west": {"uv": [6.75, 4.5, 7, 4], "texture": "#0"},
				"up": {"uv": [7.25, 4.75, 6.75, 4.5], "texture": "#0"},
				"down": {"uv": [4.75, 6.75, 4.25, 7], "texture": "#0"}
			}
		},
		{
			"from": [13.09424, 17.70502, 7],
			"to": [14.09424, 19.70502, 9],
			"rotation": {"angle": 31.75, "axis": "z", "origin": [8, 18.67457, 8]},
			"faces": {
				"north": {"uv": [2.5, 7, 2.75, 6.5], "texture": "#0"},
				"east": {"uv": [4.25, 2.5, 4.75, 2], "texture": "#0"},
				"south": {"uv": [2.75, 7, 3, 6.5], "texture": "#0"},
				"west": {"uv": [4.25, 3, 4.75, 2.5], "texture": "#0"},
				"up": {"uv": [6.75, 3.75, 6.5, 3.25], "texture": "#0"},
				"down": {"uv": [6.75, 2.75, 6.5, 3.25], "texture": "#0"}
			}
		},
		{
			"from": [7, 18.093, 12.693],
			"to": [9, 21.093, 13.693],
			"rotation": {"angle": 0, "axis": "y", "origin": [8, 18.67457, 8]},
			"faces": {
				"north": {"uv": [5.25, 6.5, 5.75, 6.75], "texture": "#0"},
				"east": {"uv": [8.25, 2.25, 8.5, 2.5], "texture": "#0"},
				"south": {"uv": [6.5, 5.5, 7, 5.75], "texture": "#0"},
				"west": {"uv": [2.5, 8.25, 2.75, 8.5], "texture": "#0"},
				"up": {"uv": [6.25, 6.75, 5.75, 6.5], "texture": "#0"},
				"down": {"uv": [7, 5.75, 6.5, 6], "texture": "#0"}
			}
		},
		{
			"from": [6.75, 17.9375, 6.75],
			"to": [9.25, 20.4375, 9.25],
			"rotation": {"angle": 0, "axis": "y", "origin": [7, 13.1875, 7]},
			"faces": {
				"north": {"uv": [2, 3, 2.75, 3.75], "texture": "#0"},
				"east": {"uv": [2.75, 3, 3.5, 3.75], "texture": "#0"},
				"south": {"uv": [3.5, 1.5, 4.25, 2.25], "texture": "#0"},
				"west": {"uv": [3.5, 2.25, 4.25, 3], "texture": "#0"},
				"up": {"uv": [4.25, 3.75, 3.5, 3], "texture": "#0"},
				"down": {"uv": [2.75, 3.75, 2, 4.5], "texture": "#0"}
			}
		},
		{
			"from": [6.875, 18.0625, 8.75],
			"to": [9.125, 20.3125, 9.4],
			"rotation": {"angle": 0, "axis": "y", "origin": [7, 13.1875, 9]},
			"faces": {
				"north": {"uv": [1.5, 4.5, 2, 5], "texture": "#0"},
				"east": {"uv": [4.75, 6.75, 5, 7.25], "texture": "#0"},
				"south": {"uv": [2, 4.5, 2.5, 5], "texture": "#0"},
				"west": {"uv": [5.75, 6.75, 6, 7.25], "texture": "#0"},
				"up": {"uv": [7.25, 6.25, 6.75, 6], "texture": "#0"},
				"down": {"uv": [7.25, 6.25, 6.75, 6.5], "texture": "#0"}
			}
		},
		{
			"from": [7.125, 18.3125, 9.025],
			"to": [8.875, 20.0625, 9.65],
			"rotation": {"angle": 0, "axis": "y", "origin": [7, 13.1875, 9.275]},
			"faces": {
				"north": {"uv": [4.25, 4.5, 4.75, 5], "texture": "#0"},
				"east": {"uv": [6, 6.75, 6.25, 7.25], "texture": "#0"},
				"south": {"uv": [4.75, 1.5, 5.25, 2], "texture": "#0"},
				"west": {"uv": [6.5, 6.75, 6.75, 7.25], "texture": "#0"},
				"up": {"uv": [7.25, 7, 6.75, 6.75], "texture": "#0"},
				"down": {"uv": [0.5, 7, 0, 7.25], "texture": "#0"}
			}
		},
		{
			"from": [7, 18.1875, 8.9],
			"to": [9, 20.1875, 9.525],
			"rotation": {"angle": 0, "axis": "y", "origin": [7, 13.1875, 9.15]},
			"faces": {
				"north": {"uv": [4.75, 2, 5.25, 2.5], "texture": "#0"},
				"east": {"uv": [7, 0, 7.25, 0.5], "texture": "#0"},
				"south": {"uv": [2.5, 4.75, 3, 5.25], "texture": "#0"},
				"west": {"uv": [0.5, 7, 0.75, 7.5], "texture": "#0"},
				"up": {"uv": [7.5, 0.75, 7, 0.5], "texture": "#0"},
				"down": {"uv": [1.25, 7, 0.75, 7.25], "texture": "#0"}
			}
		},
		{
			"from": [6.875, 18.0625, 6.6],
			"to": [9.125, 20.3125, 7.25],
			"rotation": {"angle": 0, "axis": "y", "origin": [7, 13.1875, 7]},
			"faces": {
				"north": {"uv": [4.75, 3.5, 5.25, 4], "texture": "#0"},
				"east": {"uv": [3.5, 7, 3.75, 7.5], "texture": "#0"},
				"south": {"uv": [4.75, 4, 5.25, 4.5], "texture": "#0"},
				"west": {"uv": [3.75, 7, 4, 7.5], "texture": "#0"},
				"up": {"uv": [7.5, 4.25, 7, 4], "texture": "#0"},
				"down": {"uv": [4.75, 7, 4.25, 7.25], "texture": "#0"}
			}
		},
		{
			"from": [7, 18.1875, 6.475],
			"to": [9, 20.1875, 7.1],
			"rotation": {"angle": 0, "axis": "y", "origin": [7, 13.1875, 6.85]},
			"faces": {
				"north": {"uv": [4.75, 3, 5.25, 3.5], "texture": "#0"},
				"east": {"uv": [2, 7, 2.25, 7.5], "texture": "#0"},
				"south": {"uv": [3.5, 4.75, 4, 5.25], "texture": "#0"},
				"west": {"uv": [2.25, 7, 2.5, 7.5], "texture": "#0"},
				"up": {"uv": [3, 7.25, 2.5, 7], "texture": "#0"},
				"down": {"uv": [3.5, 7, 3, 7.25], "texture": "#0"}
			}
		},
		{
			"from": [7.125, 18.3125, 6.35],
			"to": [8.875, 20.0625, 6.975],
			"rotation": {"angle": 0, "axis": "y", "origin": [7, 13.1875, 6.725]},
			"faces": {
				"north": {"uv": [4.75, 2.5, 5.25, 3], "texture": "#0"},
				"east": {"uv": [7, 0.75, 7.25, 1.25], "texture": "#0"},
				"south": {"uv": [3, 4.75, 3.5, 5.25], "texture": "#0"},
				"west": {"uv": [1.25, 7, 1.5, 7.5], "texture": "#0"},
				"up": {"uv": [7.5, 1.5, 7, 1.25], "texture": "#0"},
				"down": {"uv": [2, 7, 1.5, 7.25], "texture": "#0"}
			}
		},
		{
			"from": [7.25, 18.4375, 6.2875],
			"to": [8.75, 19.9375, 6.85],
			"rotation": {"angle": 0, "axis": "y", "origin": [7, 13.1875, 6.6]},
			"faces": {
				"north": {"uv": [0.5, 5.5, 1, 6], "texture": "#0"},
				"east": {"uv": [6.5, 7.25, 6.75, 7.75], "texture": "#0"},
				"south": {"uv": [5.5, 0.5, 6, 1], "texture": "#0"},
				"west": {"uv": [0.5, 7.5, 0.75, 8], "texture": "#0"},
				"up": {"uv": [2.5, 7.75, 2, 7.5], "texture": "#0"},
				"down": {"uv": [8, 2, 7.5, 2.25], "texture": "#0"}
			}
		},
		{
			"from": [7.25, 18.4375, 9.15],
			"to": [8.75, 19.9375, 9.7125],
			"rotation": {"angle": 0, "axis": "y", "origin": [7, 13.1875, 9.4]},
			"faces": {
				"north": {"uv": [1, 5.5, 1.5, 6], "texture": "#0"},
				"east": {"uv": [1.25, 7.5, 1.5, 8], "texture": "#0"},
				"south": {"uv": [5.5, 1, 6, 1.5], "texture": "#0"},
				"west": {"uv": [7.5, 2.25, 7.75, 2.75], "texture": "#0"},
				"up": {"uv": [8, 3, 7.5, 2.75], "texture": "#0"},
				"down": {"uv": [8, 3, 7.5, 3.25], "texture": "#0"}
			}
		},
		{
			"from": [6.2875, 18.4375, 7.25],
			"to": [6.85, 19.9375, 8.75],
			"rotation": {"angle": 0, "axis": "y", "origin": [6.6, 13.1875, 7]},
			"faces": {
				"north": {"uv": [4, 7.5, 4.25, 8], "texture": "#0"},
				"east": {"uv": [4, 5.5, 4.5, 6], "texture": "#0"},
				"south": {"uv": [4.25, 7.5, 4.5, 8], "texture": "#0"},
				"west": {"uv": [4.5, 5.5, 5, 6], "texture": "#0"},
				"up": {"uv": [4.75, 8, 4.5, 7.5], "texture": "#0"},
				"down": {"uv": [5, 7.5, 4.75, 8], "texture": "#0"}
			}
		},
		{
			"from": [9.15, 18.4375, 7.25],
			"to": [9.7125, 19.9375, 8.75],
			"rotation": {"angle": 0, "axis": "y", "origin": [9.4, 13.1875, 7]},
			"faces": {
				"north": {"uv": [7.5, 3.25, 7.75, 3.75], "texture": "#0"},
				"east": {"uv": [1.5, 5.5, 2, 6], "texture": "#0"},
				"south": {"uv": [3.5, 7.5, 3.75, 8], "texture": "#0"},
				"west": {"uv": [2, 5.5, 2.5, 6], "texture": "#0"},
				"up": {"uv": [4, 8, 3.75, 7.5], "texture": "#0"},
				"down": {"uv": [7.75, 3.75, 7.5, 4.25], "texture": "#0"}
			}
		},
		{
			"from": [7.25, 17.475, 7.25],
			"to": [8.75, 18.0375, 8.75],
			"rotation": {"angle": 0, "axis": "y", "origin": [14, 17.7875, 7]},
			"faces": {
				"north": {"uv": [7.5, 6.5, 8, 6.75], "texture": "#0"},
				"east": {"uv": [6.75, 7.5, 7.25, 7.75], "texture": "#0"},
				"south": {"uv": [7.25, 7.5, 7.75, 7.75], "texture": "#0"},
				"west": {"uv": [0, 7.75, 0.5, 8], "texture": "#0"},
				"up": {"uv": [6, 6, 5.5, 5.5], "texture": "#0"},
				"down": {"uv": [6.25, 1.5, 5.75, 2], "texture": "#0"}
			}
		},
		{
			"from": [7.25, 20.3375, 7.25],
			"to": [8.75, 20.9, 8.75],
			"rotation": {"angle": 0, "axis": "y", "origin": [14, 20.5875, 7]},
			"faces": {
				"north": {"uv": [7.5, 4.25, 8, 4.5], "texture": "#0"},
				"east": {"uv": [5, 7.5, 5.5, 7.75], "texture": "#0"},
				"south": {"uv": [5.5, 7.5, 6, 7.75], "texture": "#0"},
				"west": {"uv": [6, 7.5, 6.5, 7.75], "texture": "#0"},
				"up": {"uv": [5.5, 6, 5, 5.5], "texture": "#0"},
				"down": {"uv": [6, 5, 5.5, 5.5], "texture": "#0"}
			}
		},
		{
			"from": [6.35, 18.3125, 7.125],
			"to": [6.975, 20.0625, 8.875],
			"rotation": {"angle": 0, "axis": "y", "origin": [6.725, 13.1875, 9]},
			"faces": {
				"north": {"uv": [3, 7.25, 3.25, 7.75], "texture": "#0"},
				"east": {"uv": [4.5, 5, 5, 5.5], "texture": "#0"},
				"south": {"uv": [7.25, 3, 7.5, 3.5], "texture": "#0"},
				"west": {"uv": [5, 5, 5.5, 5.5], "texture": "#0"},
				"up": {"uv": [3.5, 7.75, 3.25, 7.25], "texture": "#0"},
				"down": {"uv": [7.5, 3.5, 7.25, 4], "texture": "#0"}
			}
		},
		{
			"from": [6.475, 18.1875, 7],
			"to": [7.1, 20.1875, 9],
			"rotation": {"angle": 0, "axis": "y", "origin": [6.85, 13.1875, 9]},
			"faces": {
				"north": {"uv": [7.25, 2, 7.5, 2.5], "texture": "#0"},
				"east": {"uv": [2, 5, 2.5, 5.5], "texture": "#0"},
				"south": {"uv": [2.5, 7.25, 2.75, 7.75], "texture": "#0"},
				"west": {"uv": [4, 5, 4.5, 5.5], "texture": "#0"},
				"up": {"uv": [7.5, 3, 7.25, 2.5], "texture": "#0"},
				"down": {"uv": [3, 7.25, 2.75, 7.75], "texture": "#0"}
			}
		},
		{
			"from": [6.6, 18.0625, 6.875],
			"to": [7.25, 20.3125, 9.125],
			"rotation": {"angle": 0, "axis": "y", "origin": [7, 13.1875, 9]},
			"faces": {
				"north": {"uv": [1, 7.25, 1.25, 7.75], "texture": "#0"},
				"east": {"uv": [5, 1, 5.5, 1.5], "texture": "#0"},
				"south": {"uv": [1.5, 7.25, 1.75, 7.75], "texture": "#0"},
				"west": {"uv": [1.5, 5, 2, 5.5], "texture": "#0"},
				"up": {"uv": [7.5, 2, 7.25, 1.5], "texture": "#0"},
				"down": {"uv": [2, 7.25, 1.75, 7.75], "texture": "#0"}
			}
		},
		{
			"from": [8.75, 18.0625, 6.875],
			"to": [9.4, 20.3125, 9.125],
			"rotation": {"angle": 0, "axis": "y", "origin": [9, 13.1875, 9]},
			"faces": {
				"north": {"uv": [7.25, 0, 7.5, 0.5], "texture": "#0"},
				"east": {"uv": [5, 0.5, 5.5, 1], "texture": "#0"},
				"south": {"uv": [0.25, 7.25, 0.5, 7.75], "texture": "#0"},
				"west": {"uv": [1, 5, 1.5, 5.5], "texture": "#0"},
				"up": {"uv": [1, 7.75, 0.75, 7.25], "texture": "#0"},
				"down": {"uv": [7.5, 0.75, 7.25, 1.25], "texture": "#0"}
			}
		},
		{
			"from": [8.9, 18.1875, 7],
			"to": [9.525, 20.1875, 9],
			"rotation": {"angle": 0, "axis": "y", "origin": [9.15, 13.1875, 9]},
			"faces": {
				"north": {"uv": [6.25, 7, 6.5, 7.5], "texture": "#0"},
				"east": {"uv": [5, 0, 5.5, 0.5], "texture": "#0"},
				"south": {"uv": [6.75, 7, 7, 7.5], "texture": "#0"},
				"west": {"uv": [0.5, 5, 1, 5.5], "texture": "#0"},
				"up": {"uv": [7.25, 7.5, 7, 7], "texture": "#0"},
				"down": {"uv": [0.25, 7.25, 0, 7.75], "texture": "#0"}
			}
		},
		{
			"from": [9.025, 18.3125, 7.125],
			"to": [9.65, 20.0625, 8.875],
			"rotation": {"angle": 0, "axis": "y", "origin": [9.275, 13.1875, 9]},
			"faces": {
				"north": {"uv": [5, 7, 5.25, 7.5], "texture": "#0"},
				"east": {"uv": [4.75, 4.5, 5.25, 5], "texture": "#0"},
				"south": {"uv": [5.25, 7, 5.5, 7.5], "texture": "#0"},
				"west": {"uv": [0, 5, 0.5, 5.5], "texture": "#0"},
				"up": {"uv": [5.75, 7.5, 5.5, 7], "texture": "#0"},
				"down": {"uv": [7.25, 5.5, 7, 6], "texture": "#0"}
			}
		},
		{
			"from": [7.125, 17.5375, 7.125],
			"to": [8.875, 18.1625, 8.875],
			"rotation": {"angle": 0, "axis": "y", "origin": [14, 17.9125, 9]},
			"faces": {
				"north": {"uv": [7.5, 1, 8, 1.25], "texture": "#0"},
				"east": {"uv": [7.5, 1.25, 8, 1.5], "texture": "#0"},
				"south": {"uv": [7.5, 1.5, 8, 1.75], "texture": "#0"},
				"west": {"uv": [7.5, 1.75, 8, 2], "texture": "#0"},
				"up": {"uv": [0.5, 6, 0, 5.5], "texture": "#0"},
				"down": {"uv": [6, 0, 5.5, 0.5], "texture": "#0"}
			}
		},
		{
			"from": [7, 17.6625, 7],
			"to": [9, 18.2875, 9],
			"rotation": {"angle": 0, "axis": "y", "origin": [14, 18.0375, 9]},
			"faces": {
				"north": {"uv": [7.5, 0, 8, 0.25], "texture": "#0"},
				"east": {"uv": [7.5, 0.25, 8, 0.5], "texture": "#0"},
				"south": {"uv": [7.5, 0.5, 8, 0.75], "texture": "#0"},
				"west": {"uv": [7.5, 0.75, 8, 1], "texture": "#0"},
				"up": {"uv": [5.75, 4.5, 5.25, 4], "texture": "#0"},
				"down": {"uv": [5.75, 4.5, 5.25, 5], "texture": "#0"}
			}
		},
		{
			"from": [6.875, 17.7875, 6.875],
			"to": [9.125, 18.4375, 9.125],
			"rotation": {"angle": 0, "axis": "y", "origin": [14, 18.1875, 9]},
			"faces": {
				"north": {"uv": [7.25, 6.25, 7.75, 6.5], "texture": "#0"},
				"east": {"uv": [7.25, 6.75, 7.75, 7], "texture": "#0"},
				"south": {"uv": [7.25, 7, 7.75, 7.25], "texture": "#0"},
				"west": {"uv": [7.25, 7.25, 7.75, 7.5], "texture": "#0"},
				"up": {"uv": [4, 5.75, 3.5, 5.25], "texture": "#0"},
				"down": {"uv": [5.75, 3.5, 5.25, 4], "texture": "#0"}
			}
		},
		{
			"from": [6.875, 19.9375, 6.875],
			"to": [9.125, 20.5875, 9.125],
			"rotation": {"angle": 0, "axis": "y", "origin": [14, 20.1875, 9]},
			"faces": {
				"north": {"uv": [7.25, 5.5, 7.75, 5.75], "texture": "#0"},
				"east": {"uv": [5.75, 7.25, 6.25, 7.5], "texture": "#0"},
				"south": {"uv": [7.25, 5.75, 7.75, 6], "texture": "#0"},
				"west": {"uv": [7.25, 6, 7.75, 6.25], "texture": "#0"},
				"up": {"uv": [3.5, 5.75, 3, 5.25], "texture": "#0"},
				"down": {"uv": [5.75, 3, 5.25, 3.5], "texture": "#0"}
			}
		},
		{
			"from": [7, 20.0875, 7],
			"to": [9, 20.7125, 9],
			"rotation": {"angle": 0, "axis": "y", "origin": [14, 20.3375, 9]},
			"faces": {
				"north": {"uv": [7.25, 4.5, 7.75, 4.75], "texture": "#0"},
				"east": {"uv": [7.25, 4.75, 7.75, 5], "texture": "#0"},
				"south": {"uv": [7.25, 5, 7.75, 5.25], "texture": "#0"},
				"west": {"uv": [7.25, 5.25, 7.75, 5.5], "texture": "#0"},
				"up": {"uv": [3, 5.75, 2.5, 5.25], "texture": "#0"},
				"down": {"uv": [5.75, 2.5, 5.25, 3], "texture": "#0"}
			}
		},
		{
			"from": [7.125, 20.2125, 7.125],
			"to": [8.875, 20.8375, 8.875],
			"rotation": {"angle": 0, "axis": "y", "origin": [14, 20.4625, 9]},
			"faces": {
				"north": {"uv": [7, 4.25, 7.5, 4.5], "texture": "#0"},
				"east": {"uv": [7, 6.5, 7.5, 6.75], "texture": "#0"},
				"south": {"uv": [4, 7.25, 4.5, 7.5], "texture": "#0"},
				"west": {"uv": [4.5, 7.25, 5, 7.5], "texture": "#0"},
				"up": {"uv": [5.75, 2, 5.25, 1.5], "texture": "#0"},
				"down": {"uv": [5.75, 2, 5.25, 2.5], "texture": "#0"}
			}
		}
	],
	"display": {
		"thirdperson_righthand": {
			"translation": [0, 1.75, 1],
			"scale": [0.75586, 0.75586, 0.75586]
		},
		"thirdperson_lefthand": {
			"translation": [0, 1.75, 1],
			"scale": [0.75586, 0.75586, 0.75586]
		},
		"firstperson_righthand": {
			"rotation": [0, -20.5, 0],
			"translation": [1, 4.75, 0],
			"scale": [0.5293, 0.5293, 0.5293]
		},
		"firstperson_lefthand": {
			"rotation": [0, -20.5, 0],
			"translation": [1, 4.75, 0],
			"scale": [0.5293, 0.5293, 0.5293]
		},
		"gui": {
			"rotation": [16.8, 18.44, -49.8],
			"translation": [-2, -2.25, 0],
			"scale": [0.6875, 0.6875, 0.6875]
		}
	},
	"groups": [
		0,
		1,
		2,
		3,
		4,
		5,
		6,
		7,
		8,
		9,
		10,
		11,
		12,
		13,
		14,
		15,
		16,
		17,
		18,
		19,
		20,
		21,
		{
			"name": "ball",
			"origin": [8, 8, 8],
			"color": 0,
			"children": [22, 23, 24, 25, 26, 27, 28, 29, 30, 31, 32, 33, 34, 35, 36, 37, 38, 39, 40, 41, 42, 43, 44, 45, 46]
		}
	]
}