{
	"format_version": "1.21.11",
	"credit": "Made with Blockbench",
	"texture_size": [64, 64],
	"textures": {
		"1": "item/weapons/vstaff_eye",
		"2": "item/weapons/vampiric_staff",
		"particle": "item/weapons/vampiric_staff"
	},
	"elements": [
		{
			"from": [7, 0, 7],
			"to": [9, 16.225, 9],
			"rotation": {"angle": 0, "axis": "y", "origin": [7, 5, 7]},
			"faces": {
				"north": {"uv": [0, 0, 0.5, 4.0625], "texture": "#2"},
				"east": {"uv": [0.5, 0, 1, 4.0625], "texture": "#2"},
				"south": {"uv": [1, 0, 1.5, 4.0625], "texture": "#2"},
				"west": {"uv": [1.5, 0, 2, 4.0625], "texture": "#2"},
				"up": {"uv": [0.5, 4.75, 0, 4.25], "texture": "#2"},
				"down": {"uv": [4.75, 0, 4.25, 0.5], "texture": "#2"}
			}
		},
		{
			"from": [6.575, 10.45, 6.75],
			"to": [10.575, 14.45, 9.25],
			"rotation": {"angle": -45, "axis": "z", "origin": [6.575, 12.45, 7]},
			"faces": {
				"north": {"uv": [0, 0, 16, 16], "texture": "#1"},
				"east": {"uv": [0.4625, 0.4, 0, 0], "texture": "#1"},
				"south": {"uv": [0, -0.1, 16, 16], "rotation": 90, "texture": "#1"},
				"west": {"uv": [0.4625, 0.4, 0, 0], "texture": "#1"},
				"up": {"uv": [0.4625, 0.4, 0, 0], "texture": "#1"},
				"down": {"uv": [0.4625, 0.4, 0, 0], "texture": "#1"}
			}
		},
		{
			"from": [5.90762, 14.4683, 7.125],
			"to": [7.90762, 15.4683, 8.875],
			"rotation": {"angle": -28.25, "axis": "z", "origin": [8.9125, 18.67457, 8]},
			"faces": {
				"north": {"uv": [6.25, 2, 6.75, 2.25], "texture": "#2"},
				"east": {"uv": [5.25, 6.5, 5.6875, 6.75], "texture": "#2"},
				"south": {"uv": [6.25, 2.25, 6.75, 2.5], "texture": "#2"},
				"west": {"uv": [6.5, 5.25, 6.9375, 5.5], "texture": "#2"},
				"up": {"uv": [5.25, 2.6875, 4.75, 2.25], "texture": "#2"},
				"down": {"uv": [5.25, 2.75, 4.75, 3.1875], "texture": "#2"}
			}
		},
		{
			"from": [6.84803, 14.87304, 7],
			"to": [7.84803, 15.87304, 9],
			"rotation": {"angle": -13.25, "axis": "z", "origin": [8.9125, 18.67457, 8]},
			"faces": {
				"north": {"uv": [7.5, 7.25, 7.75, 7.5], "texture": "#2"},
				"east": {"uv": [6.25, 0, 6.75, 0.25], "texture": "#2"},
				"south": {"uv": [7.5, 7.5, 7.75, 7.75], "texture": "#2"},
				"west": {"uv": [6.25, 0.25, 6.75, 0.5], "texture": "#2"},
				"up": {"uv": [1.75, 6.75, 1.5, 6.25], "texture": "#2"},
				"down": {"uv": [2, 6.25, 1.75, 6.75], "texture": "#2"}
			}
		},
		{
			"from": [3.7659, 19.17548, 7.25],
			"to": [4.7659, 21.17548, 8.75],
			"rotation": {"angle": 31.75, "axis": "z", "origin": [8.9125, 18.67457, 8]},
			"faces": {
				"north": {"uv": [5.75, 6, 6, 6.5], "texture": "#2"},
				"east": {"uv": [2, 5.5, 2.375, 6], "texture": "#2"},
				"south": {"uv": [6, 6, 6.25, 6.5], "texture": "#2"},
				"west": {"uv": [2.5, 5.5, 2.875, 6], "texture": "#2"},
				"up": {"uv": [0.75, 7.625, 0.5, 7.25], "texture": "#2"},
				"down": {"uv": [7.5, 2.25, 7.25, 2.625], "texture": "#2"}
			}
		},
		{
			"from": [3.2195, 18.093, 7.375],
			"to": [4.2195, 21.093, 8.625],
			"rotation": {"angle": 0, "axis": "y", "origin": [8.9125, 18.67457, 8]},
			"faces": {
				"north": {"uv": [1.5, 5.5, 1.75, 6.25], "texture": "#2"},
				"east": {"uv": [4.5, 4.5, 4.8125, 5.25], "texture": "#2"},
				"south": {"uv": [1.75, 5.5, 2, 6.25], "texture": "#2"},
				"west": {"uv": [0, 4.75, 0.3125, 5.5], "texture": "#2"},
				"up": {"uv": [7.75, 6.0625, 7.5, 5.75], "texture": "#2"},
				"down": {"uv": [6.25, 7.5, 6, 7.8125], "texture": "#2"}
			}
		},
		{
			"from": [2.81826, 17.70502, 7.5],
			"to": [3.81826, 19.70502, 8.5],
			"rotation": {"angle": -31.75, "axis": "z", "origin": [8.9125, 18.67457, 8]},
			"faces": {
				"north": {"uv": [4, 6, 4.25, 6.5], "texture": "#2"},
				"east": {"uv": [4.25, 6, 4.5, 6.5], "texture": "#2"},
				"south": {"uv": [5.5, 6, 5.75, 6.5], "texture": "#2"},
				"west": {"uv": [6, 5.5, 6.25, 6], "texture": "#2"},
				"up": {"uv": [5, 4.5, 4.75, 4.25], "texture": "#2"},
				"down": {"uv": [5.5, 4, 5.25, 4.25], "texture": "#2"}
			}
		},
		{
			"from": [8.15197, 14.87304, 7],
			"to": [9.15197, 15.87304, 9],
			"rotation": {"angle": 13.25, "axis": "z", "origin": [7.0875, 18.67457, 8]},
			"faces": {
				"north": {"uv": [0.5, 7.75, 0.75, 8], "texture": "#2"},
				"east": {"uv": [6.25, 4.75, 6.75, 5], "texture": "#2"},
				"south": {"uv": [7.75, 0.5, 8, 0.75], "texture": "#2"},
				"west": {"uv": [5, 6.25, 5.5, 6.5], "texture": "#2"},
				"up": {"uv": [6.5, 5.5, 6.25, 5], "texture": "#2"},
				"down": {"uv": [6.5, 5.5, 6.25, 6], "texture": "#2"}
			}
		},
		{
			"from": [8.09238, 14.4683, 7.125],
			"to": [10.09238, 15.4683, 8.875],
			"rotation": {"angle": 28.25, "axis": "z", "origin": [7.0875, 18.67457, 8]},
			"faces": {
				"north": {"uv": [4.5, 6.25, 5, 6.5], "texture": "#2"},
				"east": {"uv": [6.5, 5.5, 6.9375, 5.75], "texture": "#2"},
				"south": {"uv": [6.25, 4.5, 6.75, 4.75], "texture": "#2"},
				"west": {"uv": [5.75, 6.5, 6.1875, 6.75], "texture": "#2"},
				"up": {"uv": [5.25, 3.6875, 4.75, 3.25], "texture": "#2"},
				"down": {"uv": [5.25, 3.75, 4.75, 4.1875], "texture": "#2"}
			}
		},
		{
			"from": [11.2341, 19.17548, 7.25],
			"to": [12.2341, 21.17548, 8.75],
			"rotation": {"angle": -31.75, "axis": "z", "origin": [7.0875, 18.67457, 8]},
			"faces": {
				"north": {"uv": [6.25, 3.5, 6.5, 4], "texture": "#2"},
				"east": {"uv": [3.5, 5.5, 3.875, 6], "texture": "#2"},
				"south": {"uv": [6.25, 4, 6.5, 4.5], "texture": "#2"},
				"west": {"uv": [4, 5.5, 4.375, 6], "texture": "#2"},
				"up": {"uv": [7.5, 3.625, 7.25, 3.25], "texture": "#2"},
				"down": {"uv": [7.5, 3.75, 7.25, 4.125], "texture": "#2"}
			}
		},
		{
			"from": [11.7805, 18.093, 7.375],
			"to": [12.7805, 21.093, 8.625],
			"rotation": {"angle": 0, "axis": "y", "origin": [7.0875, 18.67457, 8]},
			"faces": {
				"north": {"uv": [3, 5.5, 3.25, 6.25], "texture": "#2"},
				"east": {"uv": [4.75, 0, 5.0625, 0.75], "texture": "#2"},
				"south": {"uv": [3.25, 5.5, 3.5, 6.25], "texture": "#2"},
				"west": {"uv": [0.5, 4.75, 0.8125, 5.5], "texture": "#2"},
				"up": {"uv": [6.5, 7.8125, 6.25, 7.5], "texture": "#2"},
				"down": {"uv": [7.75, 6.25, 7.5, 6.5625], "texture": "#2"}
			}
		},
		{
			"from": [12.18174, 17.70502, 7.5],
			"to": [13.18174, 19.70502, 8.5],
			"rotation": {"angle": 31.75, "axis": "z", "origin": [7.0875, 18.67457, 8]},
			"faces": {
				"north": {"uv": [6.25, 2.5, 6.5, 3], "texture": "#2"},
				"east": {"uv": [3, 6.25, 3.25, 6.75], "texture": "#2"},
				"south": {"uv": [6.25, 3, 6.5, 3.5], "texture": "#2"},
				"west": {"uv": [3.25, 6.25, 3.5, 6.75], "texture": "#2"},
				"up": {"uv": [8, 0.25, 7.75, 0], "texture": "#2"},
				"down": {"uv": [8, 0.25, 7.75, 0.5], "texture": "#2"}
			}
		},
		{
			"from": [7, 14.87304, 8.15197],
			"to": [9, 15.87304, 9.15197],
			"rotation": {"angle": -13.25, "axis": "x", "origin": [8, 18.67457, 7.0875]},
			"faces": {
				"north": {"uv": [4.25, 6.5, 4.75, 6.75], "texture": "#2"},
				"east": {"uv": [7.75, 2.25, 8, 2.5], "texture": "#2"},
				"south": {"uv": [6.5, 4.25, 7, 4.5], "texture": "#2"},
				"west": {"uv": [7.75, 2.5, 8, 2.75], "texture": "#2"},
				"up": {"uv": [5.25, 6.75, 4.75, 6.5], "texture": "#2"},
				"down": {"uv": [7, 5, 6.5, 5.25], "texture": "#2"}
			}
		},
		{
			"from": [7.125, 14.4683, 8.09238],
			"to": [8.875, 15.4683, 10.09238],
			"rotation": {"angle": -28.25, "axis": "x", "origin": [8, 18.67457, 7.0875]},
			"faces": {
				"north": {"uv": [6.25, 6.5, 6.6875, 6.75], "texture": "#2"},
				"east": {"uv": [3.75, 6.5, 4.25, 6.75], "texture": "#2"},
				"south": {"uv": [6.5, 6.25, 6.9375, 6.5], "texture": "#2"},
				"west": {"uv": [6.5, 4, 7, 4.25], "texture": "#2"},
				"up": {"uv": [3.4375, 5.5, 3, 5], "texture": "#2"},
				"down": {"uv": [3.9375, 5, 3.5, 5.5], "texture": "#2"}
			}
		},
		{
			"from": [7.25, 19.17548, 11.2341],
			"to": [8.75, 21.17548, 12.2341],
			"rotation": {"angle": 31.75, "axis": "x", "origin": [8, 18.67457, 7.0875]},
			"faces": {
				"north": {"uv": [5.75, 2, 6.125, 2.5], "texture": "#2"},
				"east": {"uv": [3.5, 6.5, 3.75, 7], "texture": "#2"},
				"south": {"uv": [5.75, 2.5, 6.125, 3], "texture": "#2"},
				"west": {"uv": [6.5, 3.5, 6.75, 4], "texture": "#2"},
				"up": {"uv": [7.625, 5.5, 7.25, 5.25], "texture": "#2"},
				"down": {"uv": [5.875, 7.25, 5.5, 7.5], "texture": "#2"}
			}
		},
		{
			"from": [7.375, 18.093, 11.7805],
			"to": [8.625, 21.093, 12.7805],
			"rotation": {"angle": 0, "axis": "y", "origin": [8, 18.67457, 7.0875]},
			"faces": {
				"north": {"uv": [1.5, 4.75, 1.8125, 5.5], "texture": "#2"},
				"east": {"uv": [5.75, 0.5, 6, 1.25], "texture": "#2"},
				"south": {"uv": [4.75, 1.5, 5.0625, 2.25], "texture": "#2"},
				"west": {"uv": [5.75, 1.25, 6, 2], "texture": "#2"},
				"up": {"uv": [7.3125, 7.75, 7, 7.5], "texture": "#2"},
				"down": {"uv": [7.8125, 7, 7.5, 7.25], "texture": "#2"}
			}
		},
		{
			"from": [7.5, 17.70502, 12.18174],
			"to": [8.5, 19.70502, 13.18174],
			"rotation": {"angle": -31.75, "axis": "x", "origin": [8, 18.67457, 7.0875]},
			"faces": {
				"north": {"uv": [2.5, 6.5, 2.75, 7], "texture": "#2"},
				"east": {"uv": [6.5, 2.5, 6.75, 3], "texture": "#2"},
				"south": {"uv": [2.75, 6.5, 3, 7], "texture": "#2"},
				"west": {"uv": [6.5, 3, 6.75, 3.5], "texture": "#2"},
				"up": {"uv": [8, 2, 7.75, 1.75], "texture": "#2"},
				"down": {"uv": [8, 2, 7.75, 2.25], "texture": "#2"}
			}
		},
		{
			"from": [7, 14.87304, 6.84803],
			"to": [9, 15.87304, 7.84803],
			"rotation": {"angle": 13.25, "axis": "x", "origin": [8, 18.67457, 8.9125]},
			"faces": {
				"north": {"uv": [6.5, 1.25, 7, 1.5], "texture": "#2"},
				"east": {"uv": [7.75, 1.25, 8, 1.5], "texture": "#2"},
				"south": {"uv": [6.5, 1.5, 7, 1.75], "texture": "#2"},
				"west": {"uv": [7.75, 1.5, 8, 1.75], "texture": "#2"},
				"up": {"uv": [7, 2, 6.5, 1.75], "texture": "#2"},
				"down": {"uv": [2.5, 6.5, 2, 6.75], "texture": "#2"}
			}
		},
		{
			"from": [7.125, 14.4683, 5.90762],
			"to": [8.875, 15.4683, 7.90762],
			"rotation": {"angle": 28.25, "axis": "x", "origin": [8, 18.67457, 8.9125]},
			"faces": {
				"north": {"uv": [6.5, 5.75, 6.9375, 6], "texture": "#2"},
				"east": {"uv": [1, 6.5, 1.5, 6.75], "texture": "#2"},
				"south": {"uv": [6.5, 6, 6.9375, 6.25], "texture": "#2"},
				"west": {"uv": [6.5, 1, 7, 1.25], "texture": "#2"},
				"up": {"uv": [2.4375, 5.5, 2, 5], "texture": "#2"},
				"down": {"uv": [2.9375, 5, 2.5, 5.5], "texture": "#2"}
			}
		},
		{
			"from": [7.25, 19.17548, 3.7659],
			"to": [8.75, 21.17548, 4.7659],
			"rotation": {"angle": -31.75, "axis": "x", "origin": [8, 18.67457, 8.9125]},
			"faces": {
				"north": {"uv": [5.5, 5.5, 5.875, 6], "texture": "#2"},
				"east": {"uv": [6.5, 0.5, 6.75, 1], "texture": "#2"},
				"south": {"uv": [5.75, 0, 6.125, 0.5], "texture": "#2"},
				"west": {"uv": [0.75, 6.5, 1, 7], "texture": "#2"},
				"up": {"uv": [7.625, 1.75, 7.25, 1.5], "texture": "#2"},
				"down": {"uv": [7.625, 5, 7.25, 5.25], "texture": "#2"}
			}
		},
		{
			"from": [7.375, 18.093, 3.2195],
			"to": [8.625, 21.093, 4.2195],
			"rotation": {"angle": 0, "axis": "y", "origin": [8, 18.67457, 8.9125]},
			"faces": {
				"north": {"uv": [4.75, 0.75, 5.0625, 1.5], "texture": "#2"},
				"east": {"uv": [5.5, 4, 5.75, 4.75], "texture": "#2"},
				"south": {"uv": [1, 4.75, 1.3125, 5.5], "texture": "#2"},
				"west": {"uv": [5.5, 4.75, 5.75, 5.5], "texture": "#2"},
				"up": {"uv": [6.8125, 7.75, 6.5, 7.5], "texture": "#2"},
				"down": {"uv": [7.8125, 6.75, 7.5, 7], "texture": "#2"}
			}
		},
		{
			"from": [7.5, 17.70502, 2.81826],
			"to": [8.5, 19.70502, 3.81826],
			"rotation": {"angle": 31.75, "axis": "x", "origin": [8, 18.67457, 8.9125]},
			"faces": {
				"north": {"uv": [6.25, 6, 6.5, 6.5], "texture": "#2"},
				"east": {"uv": [0, 6.5, 0.25, 7], "texture": "#2"},
				"south": {"uv": [0.25, 6.5, 0.5, 7], "texture": "#2"},
				"west": {"uv": [0.5, 6.5, 0.75, 7], "texture": "#2"},
				"up": {"uv": [1, 8, 0.75, 7.75], "texture": "#2"},
				"down": {"uv": [1.25, 7.75, 1, 8], "texture": "#2"}
			}
		},
		{
			"from": [6.75, 17.9375, 6.75],
			"to": [9.25, 20.4375, 9.25],
			"rotation": {"angle": 0, "axis": "y", "origin": [7, 13.1875, 7]},
			"faces": {
				"north": {"uv": [2, 0, 2.625, 0.625], "texture": "#2"},
				"east": {"uv": [2, 0.75, 2.625, 1.375], "texture": "#2"},
				"south": {"uv": [2, 1.5, 2.625, 2.125], "texture": "#2"},
				"west": {"uv": [2, 2.25, 2.625, 2.875], "texture": "#2"},
				"up": {"uv": [3.375, 0.625, 2.75, 0], "texture": "#2"},
				"down": {"uv": [3.375, 0.75, 2.75, 1.375], "texture": "#2"}
			}
		},
		{
			"from": [6.875, 18.0625, 8.75],
			"to": [9.125, 20.3125, 9.4],
			"rotation": {"angle": 0, "axis": "y", "origin": [7, 13.1875, 9]},
			"faces": {
				"north": {"uv": [2.75, 1.5, 3.3125, 2.0625], "texture": "#2"},
				"east": {"uv": [6.75, 0, 6.9375, 0.5625], "texture": "#2"},
				"south": {"uv": [2.75, 2.25, 3.3125, 2.8125], "texture": "#2"},
				"west": {"uv": [1, 6.75, 1.1875, 7.3125], "texture": "#2"},
				"up": {"uv": [7.3125, 0.9375, 6.75, 0.75], "texture": "#2"},
				"down": {"uv": [1.8125, 6.75, 1.25, 6.9375], "texture": "#2"}
			}
		},
		{
			"from": [6.875, 18.0625, 6.6],
			"to": [9.125, 20.3125, 7.25],
			"rotation": {"angle": 0, "axis": "y", "origin": [7, 13.1875, 7]},
			"faces": {
				"north": {"uv": [2, 3, 2.5625, 3.5625], "texture": "#2"},
				"east": {"uv": [2, 6.75, 2.1875, 7.3125], "texture": "#2"},
				"south": {"uv": [2.75, 3, 3.3125, 3.5625], "texture": "#2"},
				"west": {"uv": [6.75, 2, 6.9375, 2.5625], "texture": "#2"},
				"up": {"uv": [7.3125, 2.9375, 6.75, 2.75], "texture": "#2"},
				"down": {"uv": [7.3125, 3, 6.75, 3.1875], "texture": "#2"}
			}
		},
		{
			"from": [7, 18.1875, 6.475],
			"to": [9, 20.1875, 7.1],
			"rotation": {"angle": 0, "axis": "y", "origin": [7, 13.1875, 6.85]},
			"faces": {
				"north": {"uv": [1, 4.25, 1.5, 4.75], "texture": "#2"},
				"east": {"uv": [7, 1.25, 7.1875, 1.75], "texture": "#2"},
				"south": {"uv": [4.25, 1, 4.75, 1.5], "texture": "#2"},
				"west": {"uv": [1.75, 7, 1.9375, 7.5], "texture": "#2"},
				"up": {"uv": [7.5, 1.9375, 7, 1.75], "texture": "#2"},
				"down": {"uv": [7.5, 2, 7, 2.1875], "texture": "#2"}
			}
		},
		{
			"from": [7.125, 18.3125, 6.35],
			"to": [8.875, 20.0625, 6.975],
			"rotation": {"angle": 0, "axis": "y", "origin": [7, 13.1875, 6.725]},
			"faces": {
				"north": {"uv": [5, 4.75, 5.4375, 5.1875], "texture": "#2"},
				"east": {"uv": [0, 7.5, 0.1875, 7.9375], "texture": "#2"},
				"south": {"uv": [5.25, 0, 5.6875, 0.4375], "texture": "#2"},
				"west": {"uv": [0.25, 7.5, 0.4375, 7.9375], "texture": "#2"},
				"up": {"uv": [1.1875, 7.6875, 0.75, 7.5], "texture": "#2"},
				"down": {"uv": [7.9375, 0.75, 7.5, 0.9375], "texture": "#2"}
			}
		},
		{
			"from": [7.25, 18.4375, 6.2875],
			"to": [8.75, 19.9375, 6.85],
			"rotation": {"angle": 0, "axis": "y", "origin": [7, 13.1875, 6.6]},
			"faces": {
				"north": {"uv": [5.75, 3, 6.125, 3.375], "texture": "#2"},
				"east": {"uv": [7.75, 2.75, 7.875, 3.125], "texture": "#2"},
				"south": {"uv": [5.75, 3.5, 6.125, 3.875], "texture": "#2"},
				"west": {"uv": [3, 7.75, 3.125, 8.125], "texture": "#2"},
				"up": {"uv": [8.125, 3.375, 7.75, 3.25], "texture": "#2"},
				"down": {"uv": [8.125, 3.5, 7.75, 3.625], "texture": "#2"}
			}
		},
		{
			"from": [6.2875, 18.4375, 7.25],
			"to": [6.85, 19.9375, 8.75],
			"rotation": {"angle": 0, "axis": "y", "origin": [6.6, 13.1875, 7]},
			"faces": {
				"north": {"uv": [5, 7.75, 5.125, 8.125], "texture": "#2"},
				"east": {"uv": [5.75, 4.5, 6.125, 4.875], "texture": "#2"},
				"south": {"uv": [7.75, 5, 7.875, 5.375], "texture": "#2"},
				"west": {"uv": [5, 5.75, 5.375, 6.125], "texture": "#2"},
				"up": {"uv": [5.375, 8.125, 5.25, 7.75], "texture": "#2"},
				"down": {"uv": [5.625, 7.75, 5.5, 8.125], "texture": "#2"}
			}
		},
		{
			"from": [7.25, 17.475, 7.25],
			"to": [8.75, 18.0375, 8.75],
			"rotation": {"angle": 0, "axis": "y", "origin": [14, 17.7875, 7]},
			"faces": {
				"north": {"uv": [6.75, 7.75, 7.125, 7.875], "texture": "#2"},
				"east": {"uv": [7.25, 7.75, 7.625, 7.875], "texture": "#2"},
				"south": {"uv": [7.75, 7.25, 8.125, 7.375], "texture": "#2"},
				"west": {"uv": [7.75, 7.5, 8.125, 7.625], "texture": "#2"},
				"up": {"uv": [0.875, 6.375, 0.5, 6], "texture": "#2"},
				"down": {"uv": [6.375, 0.5, 6, 0.875], "texture": "#2"}
			}
		},
		{
			"from": [7.25, 20.3375, 7.25],
			"to": [8.75, 20.9, 8.75],
			"rotation": {"angle": 0, "axis": "y", "origin": [14, 20.5875, 7]},
			"faces": {
				"north": {"uv": [7.75, 7.75, 8.125, 7.875], "texture": "#2"},
				"east": {"uv": [0, 8, 0.375, 8.125], "texture": "#2"},
				"south": {"uv": [8, 0, 8.375, 0.125], "texture": "#2"},
				"west": {"uv": [8, 0.25, 8.375, 0.375], "texture": "#2"},
				"up": {"uv": [1.375, 6.375, 1, 6], "texture": "#2"},
				"down": {"uv": [6.375, 1, 6, 1.375], "texture": "#2"}
			}
		},
		{
			"from": [6.35, 18.3125, 7.125],
			"to": [6.975, 20.0625, 8.875],
			"rotation": {"angle": 0, "axis": "y", "origin": [6.725, 13.1875, 9]},
			"faces": {
				"north": {"uv": [1.25, 7.5, 1.4375, 7.9375], "texture": "#2"},
				"east": {"uv": [5.25, 0.5, 5.6875, 0.9375], "texture": "#2"},
				"south": {"uv": [1.5, 7.5, 1.6875, 7.9375], "texture": "#2"},
				"west": {"uv": [5.25, 1, 5.6875, 1.4375], "texture": "#2"},
				"up": {"uv": [1.9375, 7.9375, 1.75, 7.5], "texture": "#2"},
				"down": {"uv": [7.6875, 1.75, 7.5, 2.1875], "texture": "#2"}
			}
		},
		{
			"from": [6.475, 18.1875, 7],
			"to": [7.1, 20.1875, 9],
			"rotation": {"angle": 0, "axis": "y", "origin": [6.85, 13.1875, 9]},
			"faces": {
				"north": {"uv": [7, 2.25, 7.1875, 2.75], "texture": "#2"},
				"east": {"uv": [1.5, 4.25, 2, 4.75], "texture": "#2"},
				"south": {"uv": [2.5, 7, 2.6875, 7.5], "texture": "#2"},
				"west": {"uv": [4.25, 1.5, 4.75, 2], "texture": "#2"},
				"up": {"uv": [2.9375, 7.5, 2.75, 7], "texture": "#2"},
				"down": {"uv": [7.1875, 3.25, 7, 3.75], "texture": "#2"}
			}
		},
		{
			"from": [9.15, 18.4375, 7.25],
			"to": [9.7125, 19.9375, 8.75],
			"rotation": {"angle": 0, "axis": "y", "origin": [9.4, 13.1875, 7]},
			"faces": {
				"north": {"uv": [0.5, 8, 0.625, 8.375], "texture": "#2"},
				"east": {"uv": [6, 1.5, 6.375, 1.875], "texture": "#2"},
				"south": {"uv": [8, 0.5, 8.125, 0.875], "texture": "#2"},
				"west": {"uv": [2, 6, 2.375, 6.375], "texture": "#2"},
				"up": {"uv": [0.875, 8.375, 0.75, 8], "texture": "#2"},
				"down": {"uv": [1.125, 8, 1, 8.375], "texture": "#2"}
			}
		},
		{
			"from": [7.25, 18.4375, 9.15],
			"to": [8.75, 19.9375, 9.7125],
			"rotation": {"angle": 0, "axis": "y", "origin": [9, 13.1875, 9.4]},
			"faces": {
				"north": {"uv": [2.5, 6, 2.875, 6.375], "texture": "#2"},
				"east": {"uv": [8, 1, 8.125, 1.375], "texture": "#2"},
				"south": {"uv": [3.5, 6, 3.875, 6.375], "texture": "#2"},
				"west": {"uv": [1.25, 8, 1.375, 8.375], "texture": "#2"},
				"up": {"uv": [1.875, 8.125, 1.5, 8], "texture": "#2"},
				"down": {"uv": [8.375, 1.5, 8, 1.625], "texture": "#2"}
			}
		},
		{
			"from": [7.125, 18.3125, 9.025],
			"to": [8.875, 20.0625, 9.65],
			"rotation": {"angle": 0, "axis": "y", "origin": [7, 13.1875, 9.275]},
			"faces": {
				"north": {"uv": [5.25, 2.5, 5.6875, 2.9375], "texture": "#2"},
				"east": {"uv": [2.75, 7.5, 2.9375, 7.9375], "texture": "#2"},
				"south": {"uv": [5.25, 3, 5.6875, 3.4375], "texture": "#2"},
				"west": {"uv": [7.5, 2.75, 7.6875, 3.1875], "texture": "#2"},
				"up": {"uv": [7.9375, 1.1875, 7.5, 1], "texture": "#2"},
				"down": {"uv": [3.4375, 7.5, 3, 7.6875], "texture": "#2"}
			}
		},
		{
			"from": [7, 18.1875, 8.9],
			"to": [9, 20.1875, 9.525],
			"rotation": {"angle": 0, "axis": "y", "origin": [7, 13.1875, 9.15]},
			"faces": {
				"north": {"uv": [4.25, 3, 4.75, 3.5], "texture": "#2"},
				"east": {"uv": [7, 5, 7.1875, 5.5], "texture": "#2"},
				"south": {"uv": [4.25, 3.5, 4.75, 4], "texture": "#2"},
				"west": {"uv": [5.25, 7, 5.4375, 7.5], "texture": "#2"},
				"up": {"uv": [7.5, 4.4375, 7, 4.25], "texture": "#2"},
				"down": {"uv": [6, 7, 5.5, 7.1875], "texture": "#2"}
			}
		},
		{
			"from": [6.6, 18.0625, 6.875],
			"to": [7.25, 20.3125, 9.125],
			"rotation": {"angle": 0, "axis": "y", "origin": [7, 13.1875, 9]},
			"faces": {
				"north": {"uv": [2.25, 6.75, 2.4375, 7.3125], "texture": "#2"},
				"east": {"uv": [3.5, 0, 4.0625, 0.5625], "texture": "#2"},
				"south": {"uv": [3, 6.75, 3.1875, 7.3125], "texture": "#2"},
				"west": {"uv": [3.5, 0.75, 4.0625, 1.3125], "texture": "#2"},
				"up": {"uv": [3.4375, 7.3125, 3.25, 6.75], "texture": "#2"},
				"down": {"uv": [6.9375, 3.25, 6.75, 3.8125], "texture": "#2"}
			}
		},
		{
			"from": [8.75, 18.0625, 6.875],
			"to": [9.4, 20.3125, 9.125],
			"rotation": {"angle": 0, "axis": "y", "origin": [9, 13.1875, 9]},
			"faces": {
				"north": {"uv": [3.75, 6.75, 3.9375, 7.3125], "texture": "#2"},
				"east": {"uv": [3.5, 1.5, 4.0625, 2.0625], "texture": "#2"},
				"south": {"uv": [4, 6.75, 4.1875, 7.3125], "texture": "#2"},
				"west": {"uv": [3.5, 2.25, 4.0625, 2.8125], "texture": "#2"},
				"up": {"uv": [4.4375, 7.3125, 4.25, 6.75], "texture": "#2"},
				"down": {"uv": [4.6875, 6.75, 4.5, 7.3125], "texture": "#2"}
			}
		},
		{
			"from": [8.9, 18.1875, 7],
			"to": [9.525, 20.1875, 9],
			"rotation": {"angle": 0, "axis": "y", "origin": [9.15, 13.1875, 9]},
			"faces": {
				"north": {"uv": [7, 5.5, 7.1875, 6], "texture": "#2"},
				"east": {"uv": [4.25, 4, 4.75, 4.5], "texture": "#2"},
				"south": {"uv": [6, 7, 6.1875, 7.5], "texture": "#2"},
				"west": {"uv": [2, 4.5, 2.5, 5], "texture": "#2"},
				"up": {"uv": [7.1875, 6.5, 7, 6], "texture": "#2"},
				"down": {"uv": [6.4375, 7, 6.25, 7.5], "texture": "#2"}
			}
		},
		{
			"from": [9.025, 18.3125, 7.125],
			"to": [9.65, 20.0625, 8.875],
			"rotation": {"angle": 0, "axis": "y", "origin": [9.275, 13.1875, 9]},
			"faces": {
				"north": {"uv": [7.5, 3.25, 7.6875, 3.6875], "texture": "#2"},
				"east": {"uv": [5.25, 3.5, 5.6875, 3.9375], "texture": "#2"},
				"south": {"uv": [3.5, 7.5, 3.6875, 7.9375], "texture": "#2"},
				"west": {"uv": [4.5, 5.25, 4.9375, 5.6875], "texture": "#2"},
				"up": {"uv": [3.9375, 7.9375, 3.75, 7.5], "texture": "#2"},
				"down": {"uv": [7.6875, 3.75, 7.5, 4.1875], "texture": "#2"}
			}
		},
		{
			"from": [7.125, 17.5375, 7.125],
			"to": [8.875, 18.1625, 8.875],
			"rotation": {"angle": 0, "axis": "y", "origin": [14, 17.9125, 9]},
			"faces": {
				"north": {"uv": [4, 7.5, 4.4375, 7.6875], "texture": "#2"},
				"east": {"uv": [7.5, 4.25, 7.9375, 4.4375], "texture": "#2"},
				"south": {"uv": [4.5, 7.5, 4.9375, 7.6875], "texture": "#2"},
				"west": {"uv": [7.5, 4.5, 7.9375, 4.6875], "texture": "#2"},
				"up": {"uv": [5.4375, 5.6875, 5, 5.25], "texture": "#2"},
				"down": {"uv": [0.4375, 5.5, 0, 5.9375], "texture": "#2"}
			}
		},
		{
			"from": [7, 17.6625, 7],
			"to": [9, 18.2875, 9],
			"rotation": {"angle": 0, "axis": "y", "origin": [14, 18.0375, 9]},
			"faces": {
				"north": {"uv": [6.5, 7, 7, 7.1875], "texture": "#2"},
				"east": {"uv": [7, 6.75, 7.5, 6.9375], "texture": "#2"},
				"south": {"uv": [7, 7, 7.5, 7.1875], "texture": "#2"},
				"west": {"uv": [0, 7.25, 0.5, 7.4375], "texture": "#2"},
				"up": {"uv": [3, 5, 2.5, 4.5], "texture": "#2"},
				"down": {"uv": [3.5, 4.5, 3, 5], "texture": "#2"}
			}
		},
		{
			"from": [6.875, 17.7875, 6.875],
			"to": [9.125, 18.4375, 9.125],
			"rotation": {"angle": 0, "axis": "y", "origin": [14, 18.1875, 9]},
			"faces": {
				"north": {"uv": [6.75, 4.5, 7.3125, 4.6875], "texture": "#2"},
				"east": {"uv": [4.75, 6.75, 5.3125, 6.9375], "texture": "#2"},
				"south": {"uv": [6.75, 4.75, 7.3125, 4.9375], "texture": "#2"},
				"west": {"uv": [5.5, 6.75, 6.0625, 6.9375], "texture": "#2"},
				"up": {"uv": [4.0625, 3.5625, 3.5, 3], "texture": "#2"},
				"down": {"uv": [2.5625, 3.75, 2, 4.3125], "texture": "#2"}
			}
		},
		{
			"from": [6.875, 19.9375, 6.875],
			"to": [9.125, 20.5875, 9.125],
			"rotation": {"angle": 0, "axis": "y", "origin": [14, 20.1875, 9]},
			"faces": {
				"north": {"uv": [6.25, 6.75, 6.8125, 6.9375], "texture": "#2"},
				"east": {"uv": [6.75, 6.5, 7.3125, 6.6875], "texture": "#2"},
				"south": {"uv": [0, 7, 0.5625, 7.1875], "texture": "#2"},
				"west": {"uv": [7, 0, 7.5625, 0.1875], "texture": "#2"},
				"up": {"uv": [3.3125, 4.3125, 2.75, 3.75], "texture": "#2"},
				"down": {"uv": [4.0625, 3.75, 3.5, 4.3125], "texture": "#2"}
			}
		},
		{
			"from": [7, 20.0875, 7],
			"to": [9, 20.7125, 9],
			"rotation": {"angle": 0, "axis": "y", "origin": [14, 20.3375, 9]},
			"faces": {
				"north": {"uv": [7.25, 0.25, 7.75, 0.4375], "texture": "#2"},
				"east": {"uv": [7.25, 0.5, 7.75, 0.6875], "texture": "#2"},
				"south": {"uv": [1.25, 7.25, 1.75, 7.4375], "texture": "#2"},
				"west": {"uv": [7.25, 1.25, 7.75, 1.4375], "texture": "#2"},
				"up": {"uv": [4, 5, 3.5, 4.5], "texture": "#2"},
				"down": {"uv": [4.5, 4.5, 4, 5], "texture": "#2"}
			}
		},
		{
			"from": [7.125, 20.2125, 7.125],
			"to": [8.875, 20.8375, 8.875],
			"rotation": {"angle": 0, "axis": "y", "origin": [14, 20.4625, 9]},
			"faces": {
				"north": {"uv": [7.5, 4.75, 7.9375, 4.9375], "texture": "#2"},
				"east": {"uv": [5, 7.5, 5.4375, 7.6875], "texture": "#2"},
				"south": {"uv": [5.5, 7.5, 5.9375, 7.6875], "texture": "#2"},
				"west": {"uv": [7.5, 5.5, 7.9375, 5.6875], "texture": "#2"},
				"up": {"uv": [0.9375, 5.9375, 0.5, 5.5], "texture": "#2"},
				"down": {"uv": [1.4375, 5.5, 1, 5.9375], "texture": "#2"}
			}
		}
	],
	"display": {
		"thirdperson_righthand": {
			"rotation": [0, 90, 0],
			"translation": [0, 1, 1],
			"scale": [0.75586, 0.75586, 0.75586]
		},
		"thirdperson_lefthand": {
			"rotation": [0, 90, 0],
			"translation": [0, 1, 1],
			"scale": [0.75586, 0.75586, 0.75586]
		},
		"firstperson_righthand": {
			"rotation": [0, -20.5, 0],
			"translation": [1, 4.75, 0],
			"scale": [0.5293, 0.5293, 0.5293]
		},
		"firstperson_lefthand": {
			"rotation": [0, -20.5, 0],
			"translation": [1, 4.75, 0],
			"scale": [0.5293, 0.5293, 0.5293]
		},
		"ground": {
			"translation": [0, 4.25, 0]
		},
		"gui": {
			"rotation": [16.8, 18, -49.8],
			"translation": [-2, -2.25, 0],
			"scale": [0.6875, 0.6875, 0.6875]
		},
		"head": {
			"translation": [0, 16.5, 0],
			"scale": [1.30664, 1.30664, 1.30664]
		},
		"fixed": {
			"rotation": [-5, -6, 46],
			"translation": [2.25, -1.75, 0],
			"scale": [0.91211, 0.91211, 0.91211]
		}
	},
	"groups": [
		0,
		1,
		2,
		3,
		4,
		5,
		6,
		7,
		8,
		9,
		10,
		11,
		12,
		13,
		14,
		15,
		16,
		17,
		18,
		19,
		20,
		21,
		{
			"name": "ball",
			"origin": [8, 8, 8],
			"color": 0,
			"children": [22, 23, 24, 25, 26, 27, 28, 29, 30, 31, 32, 33, 34, 35, 36, 37, 38, 39, 40, 41, 42, 43, 44, 45, 46]
		}
	]
}