{
  "model": {
    "type": "range_dispatch",
    "property": "custom_model_data",
    "index": 0,
    "fallback": {
      "type": "model",
      "model": "item/arrow"
    },
    "entries": [
      {
        "model": {
          "type": "model",
          "model": "item/misc/bluecoil"
        },
        "threshold": 1
      },
      {
        "model": {
          "type": "model",
          "model": "item/misc/browncoil"
        },
        "threshold": 2
      },
      {
        "model": {
          "type": "model",
          "model": "item/misc/coildepleted"
        },
        "threshold": 3
      },
      {
        "model": {
          "type": "model",
          "model": "item/misc/bluechain"
        },
        "threshold": 4
      },
      {
        "model": {
          "type": "model",
          "model": "item/misc/brownchain"
        },
        "threshold": 5
      },
      {
        "model": {
          "type": "model",
          "model": "item/misc/chaindepleted"
        },
        "threshold": 6
      },
      {
        "model": {
          "type": "model",
          "model": "item/misc/nav_terminal"
        },
        "threshold": 7
      },
      {
        "model": {
          "type": "model",
          "model": "item/misc/nav_terminalnokb"
        },
        "threshold": 8
      }
    ]
  }
}


    