{
  "model": {
    "type": "minecraft:range_dispatch",
    "property": "minecraft:custom_model_data",
    "index": 0,
    "fallback": {
      "type": "minecraft:model",
      "model": "minecraft:item/feather"
    },
    "entries": [
      {
        "model": {
          "type": "minecraft:model",
          "model": "minecraft:item/clock_projectile"
        },
        "threshold": 1
      },
      {
        "model": {
          "type": "minecraft:model",
          "model": "minecraft:item/clockindicator"
        },
        "threshold": 2
      },
      {
        "model": {
          "type": "minecraft:model",
          "model": "minecraft:item/fireprojmodel"
        },
        "threshold": 3
      },
      {
        "model": {
          "type": "minecraft:model",
          "model": "minecraft:item/wallsprojectile"
        },
        "threshold": 4
      },
      {
        "model": {
          "type": "minecraft:model",
          "model": "minecraft:item/zarilaser"
        },
        "threshold": 5
      },
      {
        "model": {
          "type": "minecraft:model",
          "model": "minecraft:item/zaricelestialindicator"
        },
        "threshold": 6
      },
      {
        "model": {
          "type": "minecraft:model",
          "model": "minecraft:item/zaritpindicator"
        },
        "threshold": 7
      },
      {
        "model": {
          "type": "minecraft:model",
          "model": "minecraft:item/zariredindicator"
        },
        "threshold": 8
      }
    ]
  }
}