{
  "model": {
    "type": "range_dispatch",
    "property": "custom_model_data",
    "index": 0,
    "fallback": {
      "type": "model",
      "model": "item/feather"
    },
    "entries": [
      {
        "model": {
          "type": "model",
          "model": "item/clock_projectile"
        },
        "threshold": 1
      },
      {
        "model": {
          "type": "model",
          "model": "item/clockindicator"
        },
        "threshold": 2
      },
      {
        "model": {
          "type": "model",
          "model": "item/fireprojmodel"
        },
        "threshold": 3
      },
      {
        "model": {
          "type": "model",
          "model": "item/wallsprojectile"
        },
        "threshold": 4
      },
      {
        "model": {
          "type": "model",
          "model": "item/zarilaser"
        },
        "threshold": 5
      },
      {
        "model": {
          "type": "model",
          "model": "item/zaricelestialindicator"
        },
        "threshold": 6
      },
      {
        "model": {
          "type": "model",
          "model": "item/zaritpindicator"
        },
        "threshold": 7
      },
      {
        "model": {
          "type": "model",
          "model": "item/zariredindicator"
        },
        "threshold": 8
      },
      {
        "model": {
          "type": "model",
          "model": "item/ring"
        },
        "threshold": 9
      }
    ]
  }
}