{
    "model": {
        "type": "minecraft:range_dispatch",
        "property": "minecraft:custom_model_data",
        "entries": [
            {
                "threshold": 5,
                "model": {
                    "model": "minecraft:item/oph_proj6black",
                    "type": "minecraft:model"
                }
            }
        ],
        "scale": 1,
        "fallback": {
            "type": "minecraft:model",
            "model": "minecraft:item/ink_sac"
        }
    }
}