{
    "model": {
        "type": "minecraft:range_dispatch",
        "property": "minecraft:custom_model_data",
        "entries": [
            {
                "threshold": 9,
                "model": {
                    "model": "minecraft:item/soullightbluemodel",
                    "type": "minecraft:model"
                }
            }
        ],
        "scale": 1,
        "fallback": {
            "type": "minecraft:model",
            "model": "minecraft:item/light_blue_dye"
        }
    }
}