{
  "model": {
    "type": "range_dispatch",
    "property": "custom_model_data",
    "index": 0,
    "fallback": {
      "type": "model",
      "model": "item/mace"
    },
    "entries": [
      {
        "model": {
          "type": "model",
          "model": "item/weapons/coppermace1"
        },
        "threshold": 1
      },
      {
        "model": {
          "type": "model",
          "model": "item/weapons/coppermace2"
        },
        "threshold": 2
      },
      {
        "model": {
          "type": "model",
          "model": "item/weapons/coppermace3"
        },
        "threshold": 3
      },
      {
        "model": {
          "type": "model",
          "model": "item/weapons/coppermace4"
        },
        "threshold": 4
      }
    ]
  }
}