{
  "model": {
    "type": "range_dispatch",
    "property": "custom_model_data",
    "index": 0,
    "fallback": {
      "type": "model",
      "model": "item/netherite_hoe"
    },
    "entries": [
      {
        "model": {
          "type": "model",
          "model": "item/weapons/coingun"
        },
        "threshold": 1
      },
      {
        "model": {
          "type": "model",
          "model": "item/weapons/scythe"
        },
        "threshold": 2
      }
    ]
  }
}