{
  "model": {
    "type": "minecraft:range_dispatch",
    "property": "minecraft:custom_model_data",
    "index": 0,
    "fallback": {
      "type": "minecraft:model",
      "model": "minecraft:item/painting"
    },
    "entries": [
      {
        "model": {
          "type": "minecraft:model",
          "model": "minecraft:item/size2fish"
        },
        "threshold": 1
      },
      {
        "model": {
          "type": "minecraft:model",
          "model": "minecraft:item/asgore"
        },
        "threshold": 2
      },
      {
        "model": {
          "type": "minecraft:model",
          "model": "minecraft:item/maurice"
        },
        "threshold": 3
      }
    ]
  }
}