{
  "model": {
    "type": "range_dispatch",
    "property": "custom_model_data",
    "fallback": {
      "type": "model",
      "model": "item/stick"
    },
    "entries": [
      {
                
                "model": {
                    "type": "model",
                    "model": "item/weapons/vampiric_staff"
                },
                "threshold": 1
            },
            {
                
                "model": {
                    "type": "model",
                    "model": "item/weapons/vampiric_staff_legacy"
                },
                "threshold": 2
            }
    ]
  }
}