{
	"format_version": "1.9.0",
	"credit": "Made with Blockbench",
	"texture_size": [16, 18],
	"textures": {
		"0": "item/images/winbig",
		"particle": "item/images/winbig"
	},
	"elements": [
		{
			"name": "latest_0",
			"from": [-1, -1.92562, 0],
			"to": [17, 20, 0.56612],
			"faces": {
				"north": {"uv": [16.13223, -0.33793, 0, 16.82277], "texture": "#0"},
				"east": {"uv": [15.93388, 0, 16, 14.22222], "texture": "#0"},
				"south": {"uv": [0, 0, 16, 16], "texture": "#0"},
				"west": {"uv": [0, 0, 0.06612, 14.22222], "texture": "#0"},
				"up": {"uv": [0, 0, 16, 0.05556], "texture": "#0"},
				"down": {"uv": [0, 14.16667, 16, 14.22222], "texture": "#0"}
			}
		}
	],
	"groups": [
		{
			"name": "latest",
			"origin": [8, 8, 8],
			"color": 0,
			"children": [0]
		}
	]
}